date,cash,position_value,equity,drawdown,risk_state,position_state
2024-01-01,8000.0,0.0,8000.0,0.0,NORMAL,EMPTY
2024-01-02,5076.670767,2916.4,7993.070766999999,-0.0008661541250001292,NORMAL,MAIN
2024-01-03,5076.670767,2964.7,8041.370766999999,0.0,NORMAL,MAIN
2024-01-04,2128.241283,5900.5,8028.741282999999,-0.0015705635725477007,NORMAL,MAIN
2024-01-05,2128.241283,5875.6,8003.841283,-0.004667050567300324,NORMAL,MAIN
2024-01-08,2128.241283,5796.2,7924.441283,-0.014540989016431416,NORMAL,MAIN
2024-01-09,2128.241283,5837.9,7966.141282999999,-0.009355305977026385,NORMAL,MAIN
2024-01-10,2128.241283,5841.7,7969.941283,-0.008882749728831074,NORMAL,MAIN
2024-01-11,5010.112464,2994.6,8004.712464,-0.00455871319233736,NORMAL,MAIN
2024-01-12,3022.3925870000003,5043.9,8066.292587,0.0,NORMAL,MAIN
2024-01-15,4973.673074,2984.8,7958.473074,-0.013366675190256139,NORMAL,MAIN
2024-01-16,4092.364261,3869.6,7961.964261,-0.012933863342390994,NORMAL,MAIN
2024-01-17,4092.364261,3881.5,7973.864261000001,-0.011458588317136087,NORMAL,MAIN
2024-01-18,4092.364261,3890.6,7982.964261,-0.010330436827235334,NORMAL,MAIN
2024-01-19,4092.364261,3945.2000000000003,8037.564261,-0.0035615278878303736,NORMAL,MAIN
2024-01-22,4092.364261,3973.9,8066.264261,-3.5116504508714286e-06,NORMAL,MAIN
2024-01-23,4092.364261,3956.4000000000005,8048.764261,-0.002173033746413977,NORMAL,MAIN
2024-01-24,4092.364261,3936.8,8029.164261,-0.004602898493892726,NORMAL,MAIN
2024-01-25,4092.364261,3931.9,8024.264261,-0.005210364680762303,NORMAL,MAIN
2024-01-26,4092.364261,3931.2,8023.5642609999995,-0.005297145564600925,NORMAL,MAIN
2024-01-29,4092.364261,3927.0,8019.364261000001,-0.00581783086763199,NORMAL,MAIN
2024-01-30,4092.364261,3973.9,8066.264261,-3.5116504508714286e-06,NORMAL,MAIN
2024-01-31,4092.364261,3979.5,8071.864261000001,0.0,NORMAL,MAIN
2024-02-01,4092.364261,4041.7999999999997,8134.164261,0.0,NORMAL,MAIN
2024-02-02,4092.364261,4018.0000000000005,8110.364261000001,-0.0029259305856547124,NORMAL,MAIN
2024-02-05,4092.364261,4013.8,8106.164261,-0.003442271277240949,NORMAL,MAIN
2024-02-06,4982.755357,3077.2,8059.955357,-0.009123113526954607,NORMAL,MAIN
2024-02-07,4982.755357,3028.2,8010.955357,-0.015147088262126296,NORMAL,MAIN
2024-02-08,3087.275838999999,4920.3,8007.575838999999,-0.015562560324351993,NORMAL,STRONG
2024-02-09,3087.275838999999,4959.9,8047.175838999999,-0.010694205232254173,NORMAL,STRONG
2024-02-12,3087.275838999999,5039.099999999999,8126.375838999998,-0.000957495048058421,NORMAL,STRONG
2024-02-13,1757.0625369999989,6273.900000000001,8030.962536999999,-0.012687440367391,NORMAL,STRONG
2024-02-14,1757.0625369999989,6252.599999999999,8009.662536999998,-0.015306025303292281,NORMAL,STRONG
2024-02-15,3070.4494029999987,4841.1,7911.549402999999,-0.02736788327073114,NORMAL,STRONG
2024-02-16,1621.4349129999987,6249.5,7870.934912999999,-0.032360957998116446,NORMAL,STRONG
2024-02-19,1621.4349129999987,6117.1,7738.5349129999995,-0.0486379836090699,NORMAL,STRONG
2024-02-20,6287.588250999999,1463.0,7750.588250999999,-0.04715616720934579,NORMAL,MAIN
2024-02-21,6287.588250999999,1462.0,7749.588250999999,-0.047279105469247296,NORMAL,MAIN
2024-02-22,6287.588250999999,1477.0,7764.588250999999,-0.04543503157072537,NORMAL,MAIN
2024-02-23,5487.180246999999,2250.7,7737.880246999999,-0.0487184671079266,NORMAL,MAIN
2024-02-26,5487.180246999999,2265.7,7752.880246999999,-0.046874393209404674,NORMAL,MAIN
2024-02-27,5487.180246999999,2258.5,7745.680246999999,-0.04775954868069521,NORMAL,MAIN
2024-02-28,5487.180246999999,2290.2,7777.380246999999,-0.043862405841818886,NORMAL,MAIN
2024-02-29,5487.180246999999,2346.6,7833.780246999999,-0.03692868798337645,NORMAL,MAIN
2024-03-01,5487.180246999999,2368.2,7855.380246999999,-0.03427322156950485,NORMAL,MAIN
2024-03-04,5487.180246999999,2409.8,7896.9802469999995,-0.02915898995760402,NORMAL,MAIN
2024-03-05,5487.180246999999,2419.1,7906.280246999999,-0.02801566414052048,NORMAL,MAIN
2024-03-06,5487.180246999999,2422.3,7909.4802469999995,-0.02762226170883575,NORMAL,MAIN
2024-03-07,5487.180246999999,2406.8,7893.9802469999995,-0.029527804737308427,NORMAL,MAIN
2024-03-08,5487.180246999999,2428.2,7915.380246999999,-0.026896925975417152,NORMAL,MAIN
2024-03-11,5487.180246999999,2432.5,7919.680246999999,-0.02636829145784081,NORMAL,MAIN
2024-03-12,5487.180246999999,2422.4,7909.580247,-0.027609967882845532,NORMAL,MAIN
2024-03-13,5487.180246999999,2453.2,7940.380246999999,-0.02382346947788061,NORMAL,MAIN
2024-03-14,5487.180246999999,2460.8,7947.9802469999995,-0.02288913870262943,NORMAL,MAIN
2024-03-15,5487.180246999999,2475.2,7962.380246999999,-0.021118827760048475,NORMAL,MAIN
2024-03-18,5487.180246999999,2509.8,7996.9802469999995,-0.016865163967457852,NORMAL,MAIN
2024-03-19,5487.180246999999,2518.3,8005.4802469999995,-0.015820188758295384,NORMAL,MAIN
2024-03-20,5487.180246999999,2475.7,7962.880246999999,-0.021057358630097722,NORMAL,MAIN
2024-03-21,5487.180246999999,2467.3,7954.4802469999995,-0.022090040013269974,NORMAL,MAIN
2024-03-22,7018.164937,936.9000000000001,7955.064936999999,-0.022018159242088164,NORMAL,TEST_ONLY
2024-03-25,5150.946265,2809.5,7960.446265,-0.021356588141809185,NORMAL,MAIN
2024-03-26,5150.946265,2827.8,7978.746265,-0.019106817985612312,NORMAL,MAIN
2024-03-27,5150.946265,2868.0,8018.946265,-0.014164699937573633,NORMAL,MAIN
2024-03-28,5150.946265,2830.8,7981.746265,-0.018738003205908016,NORMAL,MAIN
2024-03-29,5150.946265,2857.5,8008.446265,-0.015455551666539002,NORMAL,MAIN
2024-04-01,5150.946265,2829.3,7980.246265,-0.018922410595760164,NORMAL,MAIN
2024-04-02,7044.527329,959.6999999999999,8004.227328999999,-0.015974220317014676,NORMAL,TEST_ONLY
2024-04-03,7044.527329,970.2,8014.727328999999,-0.014683368588049306,NORMAL,TEST_ONLY
2024-04-04,7044.527329,987.5999999999999,8032.127328999999,-0.012544242865763944,NORMAL,TEST_ONLY
2024-04-05,4123.098114999999,3901.5,8024.598114999999,-0.013469871333349648,NORMAL,MAIN
2024-04-08,4123.098114999999,3952.7999999999997,8075.898114999998,-0.007163138600404739,NORMAL,MAIN
2024-04-09,4123.098114999999,3957.6,8080.698114999999,-0.006573034952877532,NORMAL,MAIN
2024-04-10,4123.098114999999,3988.8,8111.898114999999,-0.0027373612439519635,NORMAL,MAIN
2024-04-11,4123.098114999999,4078.2,8201.298114999998,0.0,NORMAL,MAIN
2024-04-12,4123.098114999999,4106.1,8229.198115,0.0,NORMAL,MAIN
2024-04-15,4123.098114999999,4104.0,8227.098114999999,-0.0002551888981956463,NORMAL,MAIN
2024-04-16,4123.098114999999,4063.7999999999997,8186.898114999998,-0.005140233520796844,NORMAL,MAIN
2024-04-17,4123.098114999999,4122.0,8245.098114999999,0.0,NORMAL,MAIN
2024-04-18,4123.098114999999,4124.4,8247.498114999999,0.0,NORMAL,MAIN
2024-04-19,4123.098114999999,4067.7,8190.798114999999,-0.006874812119917584,NORMAL,MAIN
2024-04-22,4123.098114999999,4103.099999999999,8226.198115,-0.0025826013783816215,NORMAL,MAIN
2024-04-23,4123.098114999999,4070.0999999999995,8193.198115,-0.006583814781508379,NORMAL,MAIN
2024-04-24,4123.098114999999,4030.7999999999997,8153.898114999998,-0.011348896197959313,NORMAL,MAIN
2024-04-25,6956.269783,1104.3,8060.569783,-0.022664852952197223,NORMAL,TEST_ONLY
2024-04-26,4000.640227,4056.3,8056.940227,-0.0231049325920335,NORMAL,MAIN
2024-04-29,4000.640227,4079.1000000000004,8079.740227,-0.020340457877146,NORMAL,MAIN
2024-04-30,4000.640227,4155.0,8155.640227,-0.01113766704995467,NORMAL,MAIN
2024-05-01,4000.640227,4170.0,8170.640227,-0.009318933684897113,NORMAL,MAIN
2024-05-02,4000.640227,4131.0,8131.640227,-0.014047640434046826,NORMAL,MAIN
2024-05-03,4000.640227,4112.1,8112.740227,-0.016339244474019243,NORMAL,MAIN
2024-05-06,4000.640227,4041.0,8041.640227,-0.024960040624392277,NORMAL,MAIN
2024-05-07,6923.810995,1130.3999999999999,8054.2109949999995,-0.0234358489453258,NORMAL,TEST_ONLY
2024-05-08,6163.003387,1903.8000000000002,8066.803387,-0.02190903538024014,NORMAL,TEST_ONLY
2024-05-09,6163.003387,1906.5,8069.503387,-0.021581663374529714,NORMAL,TEST_ONLY
2024-05-10,6163.003387,1898.6999999999998,8061.703387,-0.022527404724359767,NORMAL,TEST_ONLY
2024-05-13,6163.003387,1903.7999999999997,8066.803387,-0.02190903538024014,NORMAL,TEST_ONLY
2024-05-14,6163.003387,1921.8000000000002,8084.803387,-0.019726555342171048,NORMAL,TEST_ONLY
2024-05-15,6163.003387,1917.3,8080.303387,-0.020272175351688237,NORMAL,TEST_ONLY
2024-05-16,6163.003387,1923.0,8086.003387,-0.01958105667296639,NORMAL,TEST_ONLY
2024-05-17,6163.003387,1910.1,8073.103386999999,-0.021145167366915962,NORMAL,TEST_ONLY
2024-05-20,6163.003387,1889.1,8052.103386999999,-0.023691394077996586,NORMAL,TEST_ONLY
2024-05-21,6910.595910999999,1133.1000000000001,8043.695911,-0.024710791219137995,NORMAL,TEST_ONLY
2024-05-22,6910.595910999999,1109.7,8020.295910999999,-0.027548015268627823,NORMAL,TEST_ONLY
2024-05-23,7060.374938999999,974.4,8034.774938999999,-0.02579244918081436,NORMAL,TEST_ONLY
2024-05-24,7060.374938999999,984.9,8045.274938999999,-0.02451933582527399,NORMAL,TEST_ONLY
2024-05-27,7060.374938999999,986.3000000000001,8046.6749389999995,-0.02434958737786863,NORMAL,TEST_ONLY
2024-05-28,4160.545940999999,3901.3,8061.845941,-0.02251012020995158,NORMAL,MAIN
2024-05-29,4160.545940999999,3902.7000000000003,8063.245940999999,-0.02234037176254622,NORMAL,MAIN
2024-05-30,4160.545940999999,3856.9,8017.445941,-0.02789357097052192,NORMAL,MAIN
2024-05-31,7072.916816999999,974.4,8047.316816999999,-0.024271760382208907,NORMAL,TEST_ONLY
2024-06-03,7072.916816999999,968.1,8041.016817,-0.02503562839553297,NORMAL,TEST_ONLY
2024-06-04,4248.088569,3794.2999999999997,8042.388568999999,-0.024869304986800844,NORMAL,MAIN
2024-06-05,5190.279146999999,2847.9,8038.179146999999,-0.025379692736067994,NORMAL,MAIN
2024-06-06,1916.0464049999996,6137.1,8053.1464049999995,-0.023564929302199555,NORMAL,STRONG
2024-06-07,1916.0464049999996,6213.9,8129.946404999999,-0.014253014473104786,NORMAL,STRONG
2024-06-10,1916.0464049999996,6122.9,8038.946404999999,-0.025286663554454192,NORMAL,STRONG
2024-06-11,1916.0464049999996,6175.6,8091.6464049999995,-0.018896846998551764,NORMAL,STRONG
2024-06-12,1916.0464049999996,6205.299999999999,8121.346404999998,-0.01529575493573787,NORMAL,STRONG
2024-06-13,1916.0464049999996,6169.6,8085.6464049999995,-0.01962434034457483,NORMAL,STRONG
2024-06-14,1916.0464049999996,6221.3,8137.346405,-0.013355772679676248,NORMAL,STRONG
2024-06-17,1916.0464049999996,6322.200000000001,8238.246405,-0.0011217595773889144,NORMAL,STRONG
2024-06-18,1916.0464049999996,6310.9,8226.946404999999,-0.002491872045732424,NORMAL,STRONG
2024-06-19,1916.0464049999996,6329.9,8245.946404999999,-0.00018814311665948935,NORMAL,STRONG
2024-06-20,1916.0464049999996,6319.3,8235.346405,-0.0014733813613000413,NORMAL,STRONG
2024-06-21,4748.51808,3469.5,8218.01808,-0.0035744215505041366,NORMAL,STRONG
2024-06-24,4748.51808,3385.8,8134.31808,-0.013722953727525522,NORMAL,STRONG
2024-06-25,2785.6984519999996,5307.6,8093.298452,-0.01869653813191552,NORMAL,STRONG
2024-06-26,4779.278515999999,3402.0,8181.278515999999,-0.008029052941468828,NORMAL,STRONG
2024-06-27,1784.0485639999993,6419.2,8203.248564,-0.005365208986167658,NORMAL,STRONG
2024-06-28,1784.0485639999993,6405.1,8189.148563999999,-0.0070748183493218875,NORMAL,STRONG
2024-07-01,4724.819156,3439.8,8164.619156,-0.010048981866302431,NORMAL,STRONG
2024-07-02,2901.3009209999996,5219.9,8121.200921,-0.015313394709396522,NORMAL,STRONG
2024-07-03,4708.682846999999,3335.4,8044.082847,-0.024663875658248458,NORMAL,STRONG
2024-07-04,7235.5422,766.8000000000001,8002.3422,-0.029724882816781206,NORMAL,TEST_ONLY
2024-07-05,5121.605731,2870.8999999999996,7992.505730999999,-0.030917543774424905,NORMAL,MAIN
2024-07-08,3123.9857549999997,4850.1,7974.085755,-0.03315094543674213,NORMAL,MAIN
2024-07-09,5106.165933,2884.2,7990.365933,-0.031176991908897,NORMAL,MAIN
2024-07-10,4392.558797000001,3584.6,7977.158797,-0.03277834250223388,NORMAL,MAIN
2024-07-11,5106.951653,2889.8999999999996,7996.851653,-0.03039060555153561,NORMAL,MAIN
2024-07-12,2257.523159,5753.1,8010.623159000001,-0.028720825721582854,NORMAL,MAIN
2024-07-15,5056.495169,2958.2999999999997,8014.795168999999,-0.028214974135826076,NORMAL,MAIN
2024-07-16,5056.495169,2969.7,8026.195169,-0.02683273677838227,NORMAL,MAIN
2024-07-17,5056.495169,2965.9,8022.395168999999,-0.027293482564196836,NORMAL,MAIN
2024-07-18,5056.495169,2956.4,8012.895168999999,-0.02844534702873336,NORMAL,MAIN
2024-07-19,5056.495169,2979.2000000000003,8035.6951690000005,-0.025680872313845637,NORMAL,MAIN
2024-07-22,5056.495169,3009.6000000000004,8066.095169,-0.02199490602732901,NORMAL,MAIN
2024-07-23,3183.276437,4859.2,8042.476436999999,-0.02485865108924601,NORMAL,MAIN
2024-07-24,5032.457945,2983.0,8015.457945,-0.02813461328084199,NORMAL,MAIN
2024-07-25,4286.050481,3726.1,8012.150481000001,-0.028535639622877085,NORMAL,MAIN
2024-07-26,5022.643115,2979.2000000000003,8001.843115,-0.029785396319547908,NORMAL,MAIN
2024-07-29,4287.235761,3677.2999999999997,7964.535760999999,-0.03430887161833551,NORMAL,MAIN
2024-07-30,5024.228391,2945.0,7969.228391,-0.033739895434944156,NORMAL,MAIN
2024-07-31,5024.228391,2933.6,7957.828390999999,-0.03512213279238796,NORMAL,MAIN
2024-08-01,5061.269976,2916.9,7978.169975999999,-0.03265573816987766,NORMAL,MAIN
2024-08-02,7950.84108,0.0,7950.84108,-0.03596933650223677,NORMAL,EMPTY
2024-08-05,5085.212423999999,2871.0,7956.212423999999,-0.035318066999036724,NORMAL,MAIN
2024-08-06,5085.212423999999,2878.2,7963.412423999999,-0.03444507498380911,NORMAL,MAIN
2024-08-07,5085.212423999999,2867.4,7952.612423999999,-0.035754563006650586,NORMAL,MAIN
2024-08-08,5085.212423999999,2899.8,7985.012424,-0.03182609893812616,NORMAL,MAIN
2024-08-09,5085.212423999999,2901.6000000000004,7986.812424,-0.03160785093431928,NORMAL,MAIN
2024-08-12,5085.212423999999,2871.0,7956.212423999999,-0.035318066999036724,NORMAL,MAIN
2024-08-13,5085.212423999999,2795.4,7880.612423999999,-0.044484483158926946,NORMAL,MAIN
2024-08-14,7891.384361999999,0.0,7891.384361999999,-0.04317839762246489,NORMAL,EMPTY
2024-08-15,6954.774995999999,937.2,7891.974995999999,-0.04310678390497569,NORMAL,TEST_ONLY
2024-08-16,7221.758969999999,663.8,7885.558969999999,-0.043884719942127504,NORMAL,TEST_ONLY
2024-08-19,6955.343021999999,926.4,7881.743021999999,-0.044347399405255894,NORMAL,TEST_ONLY
2024-08-20,6944.724592,927.5,7872.224592,-0.045501498486853476,NORMAL,TEST_ONLY
2024-08-21,7192.308476,676.4,7868.708476,-0.04592782365249426,NORMAL,TEST_ONLY
2024-08-22,7877.301626,0.0,7877.301626,-0.04488591374476458,NORMAL,EMPTY
2024-08-23,6982.092674,898.8,7880.892674000001,-0.04445050315722299,NORMAL,TEST_ONLY
2024-08-26,7858.683908000001,0.0,7858.683908000001,-0.047143291405286725,NORMAL,EMPTY
2024-08-27,6993.475256000001,867.0,7860.475256000001,-0.046926092446884726,NORMAL,TEST_ONLY
2024-08-28,7850.866682000001,0.0,7850.866682000001,-0.048091121388513125,NORMAL,EMPTY
2024-08-29,6851.256686000001,1001.7,7852.956686,-0.04783771072131948,NORMAL,TEST_ONLY
2024-08-30,6875.836814000001,983.1,7858.9368140000015,-0.04711262683325845,NORMAL,TEST_ONLY
2024-09-02,7853.827034000001,0.0,7853.827034000001,-0.04773218199153206,NORMAL,EMPTY
2024-09-03,7171.020206000001,679.1999999999999,7850.220206000001,-0.04816950588657365,NORMAL,TEST_ONLY
2024-09-04,7854.013376000001,0.0,7854.013376000001,-0.04770958823068461,NORMAL,EMPTY
2024-09-05,6923.004066,931.0,7854.004066,-0.0477107170578599,NORMAL,TEST_ONLY
2024-09-06,7849.094805000001,0.0,7849.094805000001,-0.048305959509758356,NORMAL,EMPTY
2024-09-09,6889.385208000001,956.9,7846.285208,-0.04864662003017606,NORMAL,TEST_ONLY
2024-09-10,7832.2757790000005,0.0,7832.2757790000005,-0.050345247760023026,NORMAL,EMPTY
2024-09-11,7130.668763000001,702.2,7832.868763,-0.05027334910764003,NORMAL,TEST_ONLY
2024-09-12,6908.952626000001,918.4000000000001,7827.352626000002,-0.05094217460151518,NORMAL,TEST_ONLY
2024-09-13,6860.633439000001,985.5999999999999,7846.233439000001,-0.048652896964014314,NORMAL,TEST_ONLY
2024-09-16,7850.423541000001,0.0,7850.423541000001,-0.04814485174332139,NORMAL,EMPTY
2024-09-17,6913.114168000001,938.0,7851.114168000001,-0.04806111398547408,NORMAL,TEST_ONLY
2024-09-18,7842.004879000001,0.0,7842.004879000001,-0.04916560517455759,NORMAL,EMPTY
2024-09-19,6948.595945000001,894.6,7843.195945000001,-0.049021189742945115,NORMAL,TEST_ONLY
2024-09-20,7821.587215000001,0.0,7821.587215000001,-0.051641224291446464,NORMAL,EMPTY
2024-09-23,6942.778427000001,876.0,7818.778427000001,-0.051981786721511436,NORMAL,TEST_ONLY
2024-09-24,6870.660514000001,926.8000000000001,7797.460514000001,-0.05456656003127769,NORMAL,TEST_ONLY
2024-09-25,7120.544435000001,678.5999999999999,7799.144435,-0.05436238647748981,NORMAL,TEST_ONLY
2024-09-26,6872.228816000001,908.6,7780.828816000001,-0.05658313496928846,NORMAL,TEST_ONLY
2024-09-27,6919.011364000001,844.4000000000001,7763.411364000001,-0.05869498170840104,NORMAL,TEST_ONLY
2024-09-30,6782.493143000001,979.3000000000001,7761.793143000001,-0.05889118921005021,NORMAL,TEST_ONLY
2024-10-01,6865.074523000001,889.6999999999999,7754.774523000001,-0.05974218910142759,NORMAL,TEST_ONLY
2024-10-02,6826.7559820000015,944.0999999999999,7770.855982000001,-0.05779233003195394,NORMAL,TEST_ONLY
2024-10-03,7771.146538000002,0.0,7771.146538000002,-0.057757100439179254,NORMAL,EMPTY
2024-10-04,6829.437121000002,945.6,7775.037121000002,-0.05728537156507085,NORMAL,TEST_ONLY
2024-10-07,7761.827797000002,0.0,7761.827797000002,-0.05888698745098131,NORMAL,EMPTY
2024-10-08,6878.018959000002,886.8,7764.818959000002,-0.058524312375668464,NORMAL,TEST_ONLY
2024-10-09,6847.100830000002,927.5,7774.600830000002,-0.057338271364975824,NORMAL,TEST_ONLY
2024-10-10,7782.991471000002,0.0,7782.991471000002,-0.05632091544891449,NORMAL,EMPTY
2024-10-11,6897.982621000002,883.8000000000001,7781.782621000002,-0.05646748717080441,NORMAL,TEST_ONLY
2024-10-14,7770.9738910000015,0.0,7770.9738910000015,-0.057778033696464504,NORMAL,EMPTY
2024-10-15,6818.464366000001,957.3,7775.764366000001,-0.057197193915332845,NORMAL,TEST_ONLY
2024-10-16,7780.254748000001,0.0,7780.254748000001,-0.05665274007764931,NORMAL,EMPTY
2024-10-17,6870.045646000001,908.6999999999999,7778.745646000001,-0.05683571702156098,NORMAL,TEST_ONLY
2024-10-18,7757.436772000002,0.0,7757.436772000002,-0.05941939436260146,NORMAL,EMPTY
2024-10-21,6883.828036000002,875.6,7759.428036000002,-0.05917795581090557,NORMAL,TEST_ONLY
2024-10-22,7760.619268000002,0.0,7760.619268000002,-0.05903352025197717,NORMAL,EMPTY
2024-10-23,6803.009692000002,961.8000000000001,7764.8096920000025,-0.05852543598914128,NORMAL,TEST_ONLY
2024-10-24,7750.100221000002,0.0,7750.100221000002,-0.06030894303514445,NORMAL,EMPTY
2024-10-25,6816.990890000003,939.4000000000001,7756.390890000002,-0.059546206395222234,NORMAL,TEST_ONLY
2024-10-28,7754.281517000003,0.0,7754.281517000003,-0.05980196553218553,NORMAL,EMPTY
2024-10-29,6878.272757000003,873.6,7751.872757000004,-0.0600940250108799,NORMAL,TEST_ONLY
2024-10-30,7738.664153000003,0.0,7738.664153000003,-0.061695553597588826,NORMAL,EMPTY
2024-10-31,6805.354820000003,929.7,7735.054820000003,-0.06213318122110245,NORMAL,TEST_ONLY
2024-11-01,7725.745616000003,0.0,7725.745616000003,-0.06326191188223096,NORMAL,EMPTY
2024-11-04,6790.536264000003,937.3,7727.836264000003,-0.0630084231307515,NORMAL,TEST_ONLY
2024-11-05,5799.326352000003,1941.1,7740.426352000002,-0.061481888923110906,NORMAL,TEST_ONLY
2024-11-06,6780.016545000003,949.9,7729.916545000003,-0.06275619136652522,NORMAL,TEST_ONLY
2024-11-07,5800.8067530000035,1919.6,7720.406753000003,-0.0639092431002024,NORMAL,TEST_ONLY
2024-11-08,6768.797073000003,916.3,7685.097073000004,-0.06819050264190274,NORMAL,TEST_ONLY
2024-11-11,6838.079636000003,830.8,7668.879636000003,-0.07015684889307738,NORMAL,TEST_ONLY
2024-11-12,6805.8624020000025,885.0,7690.8624020000025,-0.06749146289438057,NORMAL,TEST_ONLY
2024-11-13,4791.024998000003,2897.4,7688.424998000002,-0.06778699542630895,NORMAL,MAIN
2024-11-14,7692.795980000003,0.0,7692.795980000003,-0.06725701870621115,NORMAL,EMPTY
2024-11-15,6828.187334000003,864.0,7692.187334000003,-0.06733081635872507,NORMAL,TEST_ONLY
2024-11-18,7695.778658000003,0.0,7695.778658000003,-0.06689537230648956,NORMAL,EMPTY
2024-11-19,6817.969880000002,879.0,7696.969880000002,-0.06675093796005027,NORMAL,TEST_ONLY
2024-11-20,7693.961120000003,0.0,7693.961120000003,-0.06711574677334686,NORMAL,EMPTY
2024-11-21,6842.7526080000025,848.8,7691.552608000003,-0.0674077761823163,NORMAL,TEST_ONLY
2024-11-22,7681.944216000003,0.0,7681.944216000003,-0.06857278305664649,NORMAL,EMPTY
2024-11-25,6830.735704000002,847.6000000000001,7678.335704000003,-0.06901031113482048,NORMAL,TEST_ONLY
2024-11-26,6765.118104000003,912.0999999999999,7677.218104000003,-0.06914581889540639,NORMAL,TEST_ONLY
2024-11-27,6676.199043000003,998.9,7675.099043000003,-0.06940275269162588,NORMAL,TEST_ONLY
2024-11-28,7686.288942000003,0.0,7686.288942000003,-0.06804598984743093,NORMAL,EMPTY
2024-11-29,6797.680056000003,888.6,7686.280056000003,-0.06804706726507637,NORMAL,TEST_ONLY
2024-12-02,7683.571197000003,0.0,7683.571197000003,-0.06837551341471215,NORMAL,EMPTY
2024-12-03,6801.562377000003,876.4,7677.962377000003,-0.0690555766195523,NORMAL,TEST_ONLY
2024-12-04,7686.353529000003,0.0,7686.353529000003,-0.06803815874530772,NORMAL,EMPTY
2024-12-05,6760.244268000002,926.1,7686.344268000003,-0.06803928163128725,NORMAL,TEST_ONLY
2024-12-06,7662.535245000002,0.0,7662.535245000002,-0.0709260992659223,NORMAL,EMPTY
2024-12-09,6697.925599000002,964.5999999999999,7662.525599000002,-0.07092726883272482,NORMAL,TEST_ONLY
2024-12-10,7656.916009000002,0.0,7656.916009000002,-0.07160742539921106,NORMAL,EMPTY
2024-12-11,6802.107461000002,850.8,7652.9074610000025,-0.07209345739874673,NORMAL,TEST_ONLY
2024-12-12,7667.698805000003,0.0,7667.698805000003,-0.07030002334229035,NORMAL,EMPTY
2024-12-13,6814.490273000003,855.5999999999999,7670.090273000003,-0.07001006049941916,NORMAL,TEST_ONLY
2024-12-16,7656.481853000003,0.0,7656.481853000003,-0.07166006633273359,NORMAL,EMPTY
2024-12-17,4743.652725000003,2901.7999999999997,7645.452725000003,-0.07299733587147306,NORMAL,MAIN
2024-12-18,7601.424147000002,0.0,7601.424147000002,-0.07833575212644905,NORMAL,EMPTY
2024-12-19,6743.015563000003,860.8000000000001,7603.815563000003,-0.0780457955885202,NORMAL,TEST_ONLY
2024-12-20,6692.398057000003,894.6,7586.998057000003,-0.0800848995404706,NORMAL,TEST_ONLY
2024-12-23,6628.979987000003,937.3,7566.2799870000035,-0.08259694255171046,NORMAL,TEST_ONLY
2024-12-24,6657.6615420000035,905.0999999999999,7562.761542000004,-0.08302355010601836,NORMAL,TEST_ONLY
2024-12-25,7574.652372000003,0.0,7574.652372000003,-0.08158180015540328,NORMAL,EMPTY
2024-12-26,4590.522531000003,3017.7000000000003,7608.222531000003,-0.07751145560583073,NORMAL,MAIN
2024-12-27,4590.522531000003,3057.6,7648.122531000003,-0.07267362485477769,NORMAL,MAIN
2024-12-30,4590.522531000003,3116.4,7706.922531000004,-0.06554419006375178,NORMAL,MAIN
2024-12-31,4590.522531000003,3105.9,7696.422531000004,-0.06681730341929215,NORMAL,MAIN
2025-01-01,4590.522531000003,3147.9,7738.422531000004,-0.061724849997130904,NORMAL,MAIN
2025-01-02,4590.522531000003,3166.8,7757.322531000003,-0.059433245957158376,NORMAL,MAIN
2025-01-03,4590.522531000003,3126.9,7717.422531000004,-0.06427107670821153,NORMAL,MAIN
2025-01-06,4590.522531000003,3099.6,7690.122531000003,-0.06758117143261644,NORMAL,MAIN
2025-01-07,1596.2925890000033,6122.700000000001,7718.992589000004,-0.06408070891689976,NORMAL,MAIN
2025-01-08,1596.2925890000033,6093.300000000001,7689.592589000004,-0.06764542631241255,NORMAL,MAIN
2025-01-09,1596.2925890000033,6162.6,7758.892589000004,-0.05924287816584661,NORMAL,MAIN
2025-01-10,1596.2925890000033,6183.8,7780.0925890000035,-0.05667240167656529,NORMAL,MAIN
2025-01-13,1596.2925890000033,6201.0,7797.292589000003,-0.05458692075129934,NORMAL,MAIN
2025-01-14,1596.2925890000033,6289.4,7885.692589000003,-0.04386851878655995,NORMAL,MAIN
2025-01-15,1596.2925890000033,6360.1,7956.392589000004,-0.035296222192588544,NORMAL,MAIN
2025-01-16,1596.2925890000033,6403.5,7999.792589000003,-0.030034020323021937,NORMAL,MAIN
2025-01-17,1596.2925890000033,6381.200000000001,7977.492589000004,-0.032737870592407514,NORMAL,MAIN
2025-01-20,1596.2925890000033,6495.3,8091.5925890000035,-0.0189033721288695,NORMAL,MAIN
2025-01-21,1596.2925890000033,6475.7,8071.992589000003,-0.021279850392544764,NORMAL,MAIN
2025-01-22,1596.2925890000033,6500.9,8097.192589000003,-0.01822437833924806,NORMAL,MAIN
2025-01-23,1596.2925890000033,6577.1,8173.392589000004,-0.008985212844755508,NORMAL,MAIN
2025-01-24,1596.2925890000033,6554.7,8150.992589000003,-0.011701188003241603,NORMAL,MAIN
2025-01-27,1596.2925890000033,6687.0,8283.292589000004,0.0,NORMAL,MAIN
2025-01-28,1596.2925890000033,6673.299999999999,8269.592589000003,-0.00165393167666128,NORMAL,MAIN
2025-01-29,1596.2925890000033,6712.3,8308.592589000003,0.0,NORMAL,MAIN
2025-01-30,1596.2925890000033,6785.0,8381.292589000004,0.0,NORMAL,MAIN
2025-01-31,1596.2925890000033,6685.700000000001,8281.992589000005,-0.011847814516143362,NORMAL,MAIN
2025-02-03,1596.2925890000033,6682.5,8278.792589000004,-0.012229617199443155,NORMAL,MAIN
2025-02-04,1596.2925890000033,6722.599999999999,8318.892589000003,-0.007445152324344062,NORMAL,MAIN
2025-02-05,1596.2925890000033,6724.799999999999,8321.092589000003,-0.007182662979575483,NORMAL,MAIN
2025-02-06,1596.2925890000033,6671.4,8267.692589000002,-0.013553995257139184,NORMAL,MAIN
2025-02-07,1596.2925890000033,6619.799999999999,8216.092589000003,-0.019710563525346503,NORMAL,MAIN
2025-02-10,1596.2925890000033,6560.1,8156.392589000004,-0.026833569835656323,NORMAL,MAIN
2025-02-11,8076.027791000004,0.0,8076.027791000004,-0.03642216218541805,NORMAL,EMPTY
2025-02-12,6151.208543000004,1930.8,8082.0085430000045,-0.035708578697371096,NORMAL,MAIN
2025-02-13,5123.459602000004,2949.2999999999997,8072.759602000004,-0.03681210072595886,NORMAL,MAIN
2025-02-14,8177.129065000005,0.0,8177.129065000005,-0.024359431654725094,NORMAL,EMPTY
2025-02-17,6221.3095070000045,1954.3999999999999,8175.709507000004,-0.024528803858943737,NORMAL,MAIN
2025-02-18,5332.261193000006,2856.6,8188.861193000006,-0.02295963229497011,NORMAL,MAIN
2025-02-19,3365.241523000006,4861.0,8226.241523000006,-0.018499660327273904,NORMAL,MAIN
2025-02-20,5326.621909000006,2919.6000000000004,8246.221909000007,-0.01611573376847264,NORMAL,MAIN
2025-02-21,2326.891912000006,5961.6,8288.491912000007,-0.011072358590820897,NORMAL,MAIN
2025-02-24,2326.891912000006,5955.299999999999,8282.191912000006,-0.011824032623567238,NORMAL,MAIN
2025-02-25,2326.891912000006,5977.799999999999,8304.691912000006,-0.009139482506616337,NORMAL,MAIN
2025-02-26,2326.891912000006,6000.3,8327.191912000006,-0.006454932389665435,NORMAL,MAIN
2025-02-27,2326.891912000006,6022.799999999999,8349.691912000006,-0.003770382272714423,NORMAL,MAIN
2025-02-28,2326.891912000006,6030.9,8357.791912000006,-0.002803944230612032,NORMAL,MAIN
2025-03-03,2326.891912000006,6015.6,8342.491912000007,-0.004629438310138623,NORMAL,MAIN
2025-03-04,2326.891912000006,6088.5,8415.391912000006,0.0,NORMAL,MAIN
2025-03-05,2326.891912000006,6166.799999999999,8493.691912000006,0.0,NORMAL,MAIN
2025-03-06,2326.891912000006,6205.5,8532.391912000006,0.0,NORMAL,MAIN
2025-03-07,2326.891912000006,6166.799999999999,8493.691912000006,-0.004535656636396768,NORMAL,MAIN
2025-03-10,2326.891912000006,6170.4,8497.291912000006,-0.004113735088824955,NORMAL,MAIN
2025-03-11,2326.891912000006,6184.799999999999,8511.691912000006,-0.0024260488985378137,NORMAL,MAIN
2025-03-12,2326.891912000006,6199.2,8526.091912000005,-0.0007383627082507838,NORMAL,MAIN
2025-03-13,2326.891912000006,6174.9,8501.791912000006,-0.0035863331543601884,NORMAL,MAIN
2025-03-14,2326.891912000006,6225.3,8552.191912000006,0.0,NORMAL,MAIN
2025-03-17,2326.891912000006,6200.1,8526.991912000007,-0.002946613015622268,NORMAL,MAIN
2025-03-18,2326.891912000006,6338.700000000001,8665.591912000007,0.0,NORMAL,MAIN
2025-03-19,2326.891912000006,6345.0,8671.891912000006,0.0,NORMAL,MAIN
2025-03-20,2326.891912000006,6390.0,8716.891912000006,0.0,NORMAL,MAIN
2025-03-21,2326.891912000006,6436.799999999999,8763.691912000006,0.0,NORMAL,MAIN
2025-03-24,2326.891912000006,6401.700000000001,8728.591912000007,-0.004005161335251528,NORMAL,MAIN
2025-03-25,2326.891912000006,6339.6,8666.491912000007,-0.011091216005312154,NORMAL,MAIN
2025-03-26,2326.891912000006,6286.5,8613.391912000006,-0.017150306230436452,NORMAL,MAIN
2025-03-27,5375.161429000006,3245.4,8620.561429000007,-0.016332213003062424,NORMAL,MAIN
2025-03-28,2423.131909000006,6228.2,8651.331909000006,-0.012821080901548654,NORMAL,MAIN
2025-03-31,2423.131909000006,6239.799999999999,8662.931909000006,-0.01149743783918622,NORMAL,MAIN
2025-04-01,2423.131909000006,6152.6,8575.731909000006,-0.021447582239013774,NORMAL,MAIN
2025-04-02,2423.131909000006,6162.0,8585.131909000007,-0.02037497492985796,NORMAL,MAIN
2025-04-03,2423.131909000006,6224.2,8647.331909000006,-0.013277509543742627,NORMAL,MAIN
2025-04-04,2423.131909000006,6223.4,8646.531909000005,-0.013368795272181488,NORMAL,MAIN
2025-04-07,2423.131909000006,6219.6,8642.731909000006,-0.013802402482265608,NORMAL,MAIN
2025-04-08,2423.131909000006,6208.6,8631.731909000006,-0.015057581248298924,NORMAL,MAIN
2025-04-09,2423.131909000006,6153.2,8576.331909000006,-0.021379117942684656,NORMAL,MAIN
2025-04-10,5663.099509000006,2958.0,8621.099509000007,-0.016270814222114405,NORMAL,MAIN
2025-04-11,2754.270421000006,5844.0,8598.270421000007,-0.01887577663170581,NORMAL,MAIN
2025-04-14,2754.270421000006,5857.4,8611.670421000006,-0.017346740680356243,NORMAL,MAIN
2025-04-15,2754.270421000006,5787.4,8541.670421000006,-0.02533424191874989,NORMAL,MAIN
2025-04-16,5606.241901000007,2876.4,8482.641901000006,-0.03206981872732895,NORMAL,MAIN
2025-04-17,2642.5122640000063,5859.9,8502.412264000006,-0.02981387874238628,NORMAL,MAIN
2025-04-18,2642.5122640000063,5896.5,8539.012264000006,-0.025637556666311845,NORMAL,MAIN
2025-04-21,2642.5122640000063,5969.9,8612.412264000006,-0.017262091082053455,NORMAL,MAIN
2025-04-22,2642.5122640000063,5913.200000000001,8555.712264000007,-0.02373196708515224,NORMAL,MAIN
2025-04-23,2642.5122640000063,5931.099999999999,8573.612264000007,-0.021689448911334397,NORMAL,MAIN
2025-04-24,5601.682672000006,3082.1,8683.782672000007,-0.00911821647798694,NORMAL,MAIN
2025-04-25,2659.7532530000067,5974.0,8633.753253000006,-0.014826931423967182,NORMAL,MAIN
2025-04-28,2659.7532530000067,5943.2,8602.953253000007,-0.018341431968860178,NORMAL,MAIN
2025-04-29,2659.7532530000067,5923.299999999999,8583.053253000005,-0.020612164463775118,NORMAL,MAIN
2025-04-30,2659.7532530000067,5984.4,8644.153253000006,-0.013640216954262985,NORMAL,MAIN
2025-05-01,2659.7532530000067,5987.1,8646.853253000007,-0.013332127620781953,NORMAL,MAIN
2025-05-02,2659.7532530000067,5978.6,8638.353253000007,-0.01430203848544409,NORMAL,MAIN
2025-05-05,2659.7532530000067,5989.9,8649.653253000006,-0.013012627571246327,NORMAL,MAIN
2025-05-06,5638.2234680000065,2976.0,8614.223468000007,-0.017055419736439315,NORMAL,MAIN
2025-05-07,2750.1945880000067,5814.4,8564.594588000007,-0.02271843031444054,NORMAL,MAIN
2025-05-08,2750.1945880000067,5878.4,8628.594588000007,-0.015415572039337855,NORMAL,MAIN
2025-05-09,2750.1945880000067,5873.799999999999,8623.994588000005,-0.015940464977861057,NORMAL,MAIN
2025-05-12,5685.865231000007,2954.0,8639.865231000007,-0.01412951096905224,NORMAL,MAIN
2025-05-13,3692.9453020000074,4981.0,8673.945302000007,-0.010240730835951672,NORMAL,MAIN
2025-05-14,3692.9453020000074,5008.1,8701.045302000008,-0.007148426785087758,NORMAL,MAIN
2025-05-15,3692.9453020000074,5013.5,8706.445302000007,-0.006532248118126027,NORMAL,MAIN
2025-05-16,3692.9453020000074,5062.7,8755.645302000008,-0.0009181758191407763,NORMAL,MAIN
2025-05-19,3692.9453020000074,4995.5,8688.445302000007,-0.008586177007998685,NORMAL,MAIN
2025-05-20,3692.9453020000074,4965.8,8658.745302000007,-0.011975159676288594,NORMAL,MAIN
2025-05-21,5648.025751000007,3018.0,8666.025751000008,-0.011144408313380372,NORMAL,MAIN
2025-05-22,4730.616577000007,3889.2,8619.816577000007,-0.01641720594981122,NORMAL,MAIN
2025-05-23,4730.616577000007,3933.0,8663.616577000008,-0.0114193123177877,NORMAL,MAIN
2025-05-26,4730.616577000007,3991.0,8721.616577000008,-0.004801097005975863,NORMAL,MAIN
2025-05-27,4730.616577000007,4041.2,8771.816577000007,0.0,NORMAL,MAIN
2025-05-28,4730.616577000007,3911.2,8641.816577000007,-0.01482019133196022,NORMAL,MAIN
2025-05-29,4730.616577000007,3907.2,8637.816577000007,-0.015276197219097454,NORMAL,MAIN
2025-05-30,7602.587857000008,942.0,8544.587857000008,-0.025904408511664534,NORMAL,TEST_ONLY
2025-06-02,6665.978491000008,1868.2,8534.178491000008,-0.027091091556006086,NORMAL,TEST_ONLY
2025-06-03,6665.978491000008,1877.2,8543.178491000008,-0.02606507830994731,NORMAL,TEST_ONLY
2025-06-04,6665.978491000008,1850.1,8516.078491000007,-0.029154518195302126,NORMAL,TEST_ONLY
2025-06-05,6665.978491000008,1830.8,8496.778491000008,-0.031354746600739225,NORMAL,TEST_ONLY
2025-06-06,6665.978491000008,1849.6000000000001,8515.578491000007,-0.029211518931194225,NORMAL,TEST_ONLY
2025-06-09,6665.978491000008,1862.0,8527.978491000009,-0.027797900681068688,NORMAL,TEST_ONLY
2025-06-10,6665.978491000008,1861.4,8527.378491000009,-0.027866301564139273,NORMAL,TEST_ONLY
2025-06-11,6665.978491000008,1849.3,8515.278491000008,-0.029245719372729462,NORMAL,TEST_ONLY
2025-06-12,7562.369527000008,944.3,8506.669527000007,-0.03022715393926767,NORMAL,TEST_ONLY
2025-06-13,7562.369527000008,935.9,8498.269527000008,-0.031184766302255862,NORMAL,TEST_ONLY
2025-06-16,6571.859622000008,1937.7,8509.559622000008,-0.029897678855671184,NORMAL,TEST_ONLY
2025-06-17,6571.859622000008,1932.0,8503.859622000007,-0.030547487244841798,NORMAL,TEST_ONLY
2025-06-18,6571.859622000008,1928.7,8500.559622000008,-0.03092369210172996,NORMAL,TEST_ONLY
2025-06-19,6571.859622000008,1926.0,8497.859622000007,-0.03123149607554765,NORMAL,TEST_ONLY
2025-06-20,7558.849752000008,971.5999999999999,8530.449752000008,-0.027516173289905632,NORMAL,TEST_ONLY
2025-06-23,6667.840842000008,1835.4,8503.240842000008,-0.030618029075552333,NORMAL,TEST_ONLY
2025-06-24,7568.431836000008,967.4,8535.831836000008,-0.026902607792638755,NORMAL,TEST_ONLY
2025-06-25,7568.431836000008,968.1,8536.531836000007,-0.026822806762389906,NORMAL,TEST_ONLY
2025-06-26,4580.401956000008,3955.9,8536.301956000008,-0.026849013420723544,NORMAL,MAIN
2025-06-27,4580.401956000008,3996.0999999999995,8576.501956000007,-0.022266154254994452,NORMAL,MAIN
2025-06-30,4580.401956000008,4040.1,8620.501956000007,-0.017250089496484877,NORMAL,MAIN
2025-07-01,4580.401956000008,3982.7999999999997,8563.201956000008,-0.0237823738297257,NORMAL,MAIN
2025-07-02,4580.401956000008,3973.8,8554.201956000008,-0.024808387075784477,NORMAL,MAIN
2025-07-03,4580.401956000008,3943.3,8523.701956000008,-0.02828543196520583,NORMAL,MAIN
2025-07-04,4580.401956000008,3933.4,8513.801956000008,-0.02941404653587054,NORMAL,MAIN
2025-07-07,4580.401956000008,3944.7,8525.101956000008,-0.02812582990470791,NORMAL,MAIN
2025-07-08,4580.401956000008,3955.3,8535.701956000008,-0.02691741430379413,NORMAL,MAIN
2025-07-09,4580.401956000008,3936.0,8516.401956000009,-0.02911764270923123,NORMAL,MAIN
2025-07-10,4580.401956000008,3910.9,8491.301956000008,-0.03197907965101743,NORMAL,MAIN
2025-07-11,7514.372616000008,1013.6,8527.972616000008,-0.027798570439715453,NORMAL,TEST_ONLY
2025-07-14,4530.942782000008,3964.8,8495.742782000008,-0.03147281895107945,NORMAL,MAIN
2025-07-15,4530.942782000008,3973.9,8504.842782000009,-0.030435405557842188,NORMAL,MAIN
2025-07-16,4530.942782000008,3942.3999999999996,8473.342782000007,-0.03402645191904807,NORMAL,MAIN
2025-07-17,5528.432807000008,2948.3999999999996,8476.832807000008,-0.03362858393248391,NORMAL,MAIN
2025-07-18,2550.6030290000085,5916.4,8467.003029000009,-0.034749193091796915,NORMAL,MAIN
2025-07-21,2550.6030290000085,5925.5,8476.103029000009,-0.03371177969855965,NORMAL,MAIN
2025-07-22,2550.6030290000085,5916.4,8467.003029000009,-0.034749193091796915,NORMAL,MAIN
2025-07-23,2550.6030290000085,5919.9,8470.503029000009,-0.03435018794055178,NORMAL,MAIN
2025-07-24,5519.973335000008,3007.2000000000003,8527.173335000009,-0.027889689650084648,NORMAL,MAIN
2025-07-25,5519.973335000008,2980.6,8500.573335000008,-0.030922128799547366,NORMAL,MAIN
2025-07-28,5519.973335000008,3042.2000000000003,8562.173335000009,-0.02389963813763385,NORMAL,MAIN
2025-07-29,5519.973335000008,3016.9999999999995,8536.973335000008,-0.026772475226598536,NORMAL,MAIN
2025-07-30,5519.973335000008,3016.9999999999995,8536.973335000008,-0.026772475226598536,NORMAL,MAIN
2025-07-31,5519.973335000008,2966.6000000000004,8486.573335000008,-0.032518149404527685,NORMAL,MAIN
2025-08-01,2548.843624000008,5920.8,8469.643624000008,-0.034448161375410735,NORMAL,MAIN
2025-08-04,5449.614616000008,2977.7,8427.314616000007,-0.03927373058658057,NORMAL,MAIN
2025-08-05,4649.606616000008,3736.9,8386.506616000008,-0.04392590264715457,NORMAL,MAIN
2025-08-06,4649.606616000008,3675.7000000000003,8325.306616000009,-0.05090279272035414,NORMAL,MAIN
2025-08-07,4649.606616000008,3674.8999999999996,8324.506616000008,-0.0509939938977817,NORMAL,MAIN
2025-08-08,8340.66970500001,0.0,8340.66970500001,-0.04915137796320079,NORMAL,EMPTY
2025-08-11,7344.659745000009,993.0,8337.659745000008,-0.04949451783321279,NORMAL,TEST_ONLY
2025-08-12,6459.650895000009,1881.0,8340.65089500001,-0.04915352233088499,NORMAL,TEST_ONLY
2025-08-13,7302.642465000009,981.0,8283.642465000008,-0.0556525672549979,NORMAL,TEST_ONLY
2025-08-14,6340.232841000009,1924.8000000000002,8265.03284100001,-0.05777409178035042,NORMAL,TEST_ONLY
2025-08-15,7288.223361000009,950.4000000000001,8238.623361000009,-0.06078481136940872,NORMAL,TEST_ONLY
2025-08-18,6424.714726000009,1825.3,8250.014726000009,-0.059486178993776506,NORMAL,TEST_ONLY
2025-08-19,7284.206131000009,946.8000000000001,8231.00613100001,-0.061653186800328275,NORMAL,TEST_ONLY
2025-08-20,6310.396393000009,1923.6000000000001,8233.996393000009,-0.061312292531307655,NORMAL,TEST_ONLY
2025-08-21,6310.396393000009,1919.4,8229.79639300001,-0.06179109871280164,NORMAL,TEST_ONLY
2025-08-22,7239.187105000009,979.1999999999999,8218.387105000009,-0.06309177433681279,NORMAL,TEST_ONLY
2025-08-25,6460.379317000009,1784.1,8244.479317000008,-0.060117223766704586,NORMAL,TEST_ONLY
2025-08-26,7237.071550000009,1027.2,8264.271550000009,-0.05786088007480661,NORMAL,TEST_ONLY
2025-08-27,7237.071550000009,1015.8000000000001,8252.871550000009,-0.059160496853147726,NORMAL,TEST_ONLY
2025-08-28,6341.862598000009,1906.6,8248.46259800001,-0.05966312387017403,NORMAL,TEST_ONLY
2025-08-29,6341.862598000009,1889.2,8231.06259800001,-0.061646749479221,NORMAL,TEST_ONLY
2025-09-01,6341.862598000009,1889.8000000000002,8231.66259800001,-0.06157834859615041,NORMAL,TEST_ONLY
2025-09-02,6341.862598000009,1883.1999999999998,8225.062598000008,-0.06233075830992707,NORMAL,TEST_ONLY
2025-09-03,6341.862598000009,1906.1999999999998,8248.062598000008,-0.059708724458887974,NORMAL,TEST_ONLY
2025-09-04,6341.862598000009,1919.1999999999998,8261.062598000008,-0.05822670532569196,NORMAL,TEST_ONLY
2025-09-05,6341.862598000009,1894.6,8236.46259800001,-0.06103114153158573,NORMAL,TEST_ONLY
2025-09-08,7327.652740000009,930.8,8258.452740000008,-0.05852423297884002,NORMAL,TEST_ONLY
2025-09-09,4426.023724000008,3846.0,8272.023724000008,-0.05697712082927864,NORMAL,MAIN
2025-09-10,4426.023724000008,3893.2,8319.223724000007,-0.051596251361059386,NORMAL,MAIN
2025-09-11,4426.023724000008,3905.3999999999996,8331.423724000007,-0.05020543340529071,NORMAL,MAIN
2025-09-12,4426.023724000008,3872.2,8298.223724000007,-0.053990282268529866,NORMAL,MAIN
2025-09-15,7349.194492000008,955.5999999999999,8304.794492000008,-0.05324120504577645,NORMAL,TEST_ONLY
2025-09-16,5382.374824000008,2918.7999999999997,8301.174824000007,-0.053653852525147205,NORMAL,MAIN
2025-09-17,5382.374824000008,2888.7999999999997,8271.174824000007,-0.05707389667867646,NORMAL,MAIN
2025-09-18,5382.374824000008,2923.6,8305.974824000008,-0.05310664546058241,NORMAL,MAIN
2025-09-19,5382.374824000008,2973.6,8355.974824000008,-0.04740657187136699,NORMAL,MAIN
2025-09-22,5382.374824000008,2972.4,8354.774824000007,-0.04754337363750816,NORMAL,MAIN
2025-09-23,5382.374824000008,2990.0,8372.374824000008,-0.04553694773410433,NORMAL,MAIN
2025-09-24,5382.374824000008,2973.6,8355.974824000008,-0.04740657187136699,NORMAL,MAIN
2025-09-25,5382.374824000008,3015.2,8397.574824000007,-0.04266411064513986,NORMAL,MAIN
2025-09-26,5382.374824000008,3013.2,8395.574824000007,-0.04289211358870848,NORMAL,MAIN
2025-09-29,5382.374824000008,3011.2,8393.574824000007,-0.0431201165322771,NORMAL,MAIN
2025-09-30,5382.374824000008,3046.0,8428.374824000008,-0.03915286531418305,NORMAL,MAIN
2025-10-01,5382.374824000008,3013.6000000000004,8395.974824000008,-0.042846512999994535,NORMAL,MAIN
2025-10-02,5382.374824000008,2946.8,8329.174824000009,-0.050461811315186345,NORMAL,MAIN
2025-10-03,7323.955408000008,960.8000000000001,8284.755408000008,-0.05552569011498587,NORMAL,TEST_ONLY
2025-10-06,5345.135620000008,2950.4,8295.535620000008,-0.05429673008083902,NORMAL,MAIN
2025-10-07,7302.316048000008,961.9999999999999,8264.316048000008,-0.057855807237315315,NORMAL,TEST_ONLY
2025-10-08,7459.898056000007,823.2,8283.098056000008,-0.05571463068225058,NORMAL,TEST_ONLY
2025-10-09,7459.898056000007,825.9000000000001,8285.798056000007,-0.05540682670843311,NORMAL,TEST_ONLY
2025-10-10,5511.078568000007,2805.0,8316.078568000008,-0.051954803774050484,NORMAL,MAIN
2025-10-13,7470.6589720000065,827.4,8298.058972000006,-0.05400906423900942,NORMAL,TEST_ONLY
2025-10-14,4603.430300000006,3687.7,8291.130300000006,-0.054798943044520154,NORMAL,MAIN
2025-10-15,4603.430300000006,3707.2000000000003,8310.630300000006,-0.05257591434472608,NORMAL,MAIN
2025-10-16,4603.430300000006,3667.7,8271.130300000006,-0.057078972480206325,NORMAL,MAIN
2025-10-17,4603.430300000006,3656.2,8259.630300000006,-0.05838998940572582,NORMAL,MAIN
2025-10-20,4603.430300000006,3636.0,8239.430300000007,-0.06069281913576874,NORMAL,MAIN
2025-10-21,4603.430300000006,3582.0,8185.430300000006,-0.06684889861212151,NORMAL,MAIN
2025-10-22,4603.430300000006,3584.4,8187.830300000007,-0.06657529507983917,NORMAL,MAIN
2025-10-23,4603.430300000006,3531.9,8135.330300000007,-0.07256037234851531,NORMAL,MAIN
2025-10-24,7286.603468000007,818.4000000000001,8105.003468000006,-0.07601767583107089,NORMAL,TEST_ONLY
2025-10-27,7286.603468000007,820.5,8107.103468000007,-0.07577827274032378,NORMAL,TEST_ONLY
2025-10-28,5416.584768000006,2673.5,8090.084768000006,-0.07771842958817954,NORMAL,MAIN
2025-10-29,8061.258321000007,0.0,8061.258321000007,-0.08100468697249186,NORMAL,EMPTY
2025-10-30,6172.639435000006,1889.3,8061.939435000007,-0.08092703897403897,NORMAL,MAIN
2025-10-31,8053.520626000007,0.0,8053.520626000007,-0.08188679559070988,NORMAL,EMPTY
2025-11-03,7185.511946000007,866.0,8051.511946000007,-0.08211578806705355,NORMAL,TEST_ONLY
2025-11-04,7197.994691000007,862.5,8060.494691000007,-0.08109174191639046,NORMAL,TEST_ONLY
2025-11-05,7197.994691000007,858.0,8055.994691000007,-0.08160474853941979,NORMAL,TEST_ONLY
2025-11-06,8045.986211000007,0.0,8045.986211000007,-0.08274572998974372,NORMAL,EMPTY
2025-11-07,6094.966701000007,1944.0,8038.966701000007,-0.08354596446094831,NORMAL,MAIN
2025-11-10,6098.127553000007,1940.4,8038.527553000007,-0.08359602797927945,NORMAL,MAIN
2025-11-11,3134.9979220000064,4874.400000000001,8009.397922000007,-0.0869168487858133,NORMAL,MAIN
2025-11-12,7977.849493000006,0.0,7977.849493000006,-0.0905134161242962,NORMAL,EMPTY
2025-11-13,5112.020835000006,2856.0,7968.020835000006,-0.09163389760196083,NORMAL,MAIN
2025-11-14,2290.992625000006,5627.6,7918.592625000007,-0.09726878628962465,NORMAL,MAIN
2025-11-17,2290.992625000006,5640.200000000001,7931.192625000007,-0.09583236774514226,NORMAL,MAIN
2025-11-18,2290.992625000006,5705.8,7996.7926250000055,-0.08835387119609184,NORMAL,MAIN
2025-11-19,2290.992625000006,5755.0,8045.992625000006,-0.08274499878430375,NORMAL,MAIN
2025-11-20,5029.365241000006,2974.0,8003.365241000006,-0.08760458329861864,NORMAL,MAIN
2025-11-21,3046.3454110000057,4979.0,8025.345411000006,-0.08509881156854937,NORMAL,MAIN
2025-11-24,3046.3454110000057,4943.0,7989.345411000006,-0.08920286455278448,NORMAL,MAIN
2025-11-25,3046.3454110000057,4902.0,7948.345411000006,-0.09387692489594113,NORMAL,MAIN
2025-11-26,5036.3255110000055,2928.0,7964.3255110000055,-0.09205516997668073,NORMAL,MAIN
2025-11-27,2199.7971460000053,5730.0,7929.797146000005,-0.09599145440498658,NORMAL,MAIN
2025-11-28,2199.7971460000053,5698.0,7897.797146000005,-0.09963950150208445,NORMAL,MAIN
2025-12-01,2199.7971460000053,5760.0,7959.797146000005,-0.09257141025145732,NORMAL,MAIN
2025-12-02,2199.7971460000053,5700.5,7900.297146000005,-0.09935449782262373,NORMAL,MAIN
2025-12-03,5025.768886000005,2805.0,7830.768886000005,-0.10728082179322573,NORMAL,MAIN
2025-12-04,2110.539734000005,5691.2,7801.739734000004,-0.11059018784587626,NORMAL,MAIN
2025-12-05,2110.539734000005,5650.6,7761.139734000006,-0.11521864760031908,NORMAL,MAIN
2025-12-08,4800.0128390000045,2910.4,7710.412839000004,-0.12100158828936736,NORMAL,MAIN
2025-12-09,4800.0128390000045,2985.6000000000004,7785.612839000005,-0.11242867761118724,NORMAL,MAIN
2025-12-10,1970.5845450000043,5805.8,7776.384545000004,-0.11348071670924564,NORMAL,MAIN
2025-12-11,1970.5845450000043,5850.0,7820.584545000004,-0.1084418516563792,NORMAL,MAIN
2025-12-12,4798.556265000005,3038.4,7836.956265000004,-0.10657545148073855,NORMAL,MAIN
2025-12-15,3901.347293000005,3900.4,7801.747293000005,-0.11058932610875105,NORMAL,MAIN
2025-12-16,4792.538381000005,3070.4,7862.938381000005,-0.10361345201666783,NORMAL,MAIN
2025-12-17,4792.538381000005,3107.2,7899.738381000005,-0.09941819785500527,NORMAL,MAIN
2025-12-18,4792.538381000005,3099.2000000000003,7891.738381000005,-0.10033020962927974,NORMAL,MAIN
2025-12-19,4792.538381000005,3102.4,7894.938381000005,-0.09996540491956996,NORMAL,MAIN
2025-12-22,4792.538381000005,3112.0,7904.538381000005,-0.0988709907904406,NORMAL,MAIN
2025-12-23,4792.538381000005,3150.4,7942.938381000005,-0.09449333427392315,NORMAL,MAIN
2025-12-24,4792.538381000005,3123.2,7915.738381000005,-0.09759417430645634,NORMAL,MAIN
2025-12-25,3869.029146000005,4065.2000000000003,7934.229146000005,-0.09548619988203855,NORMAL,MAIN
2025-12-26,4800.519831000005,3100.7999999999997,7901.319831000004,-0.0992379102274521,NORMAL,MAIN
2025-12-29,2964.501471000005,4917.0,7881.501471000005,-0.10149723243580322,NORMAL,MAIN
2025-12-30,4807.483041000005,3096.0,7903.483041000005,-0.09899130110367349,NORMAL,MAIN
2025-12-31,4807.483041000005,3064.0,7871.483041000005,-0.10263934820077136,NORMAL,MAIN
2026-01-01,4807.483041000005,3067.2000000000003,7874.683041000006,-0.10227454349106146,NORMAL,MAIN
2026-01-02,4807.483041000005,3078.4,7885.883041000005,-0.10099772700707732,NORMAL,MAIN
2026-01-05,4807.483041000005,3067.2000000000003,7874.683041000006,-0.10227454349106146,NORMAL,MAIN
2026-01-06,7882.652289000005,0.0,7882.652289000005,-0.10136603749004736,NORMAL,EMPTY
2026-01-07,6937.642839000006,944.0,7881.642839000006,-0.10148111627573997,NORMAL,TEST_ONLY
2026-01-08,6937.642839000006,949.0,7886.642839000006,-0.10091110891681843,NORMAL,TEST_ONLY
2026-01-09,6937.642839000006,959.0,7896.642839000006,-0.09977109419897534,NORMAL,TEST_ONLY
2026-01-12,5071.624179000006,2827.0,7898.624179000006,-0.09954521852287024,NORMAL,MAIN
2026-01-13,6955.605339000006,958.0,7913.605339000006,-0.09783734423383394,NORMAL,TEST_ONLY
2026-01-14,6955.605339000006,935.5,7891.105339000006,-0.10040237734898094,NORMAL,TEST_ONLY
2026-01-15,7901.095884000006,0.0,7901.095884000006,-0.09926344051505354,NORMAL,EMPTY
2026-01-16,7053.087404000005,849.2,7902.287404000005,-0.09912760548139321,NORMAL,TEST_ONLY
2026-01-19,6063.060664000005,1835.0,7898.060664000005,-0.0996094600622428,NORMAL,MAIN
2026-01-20,5970.023434000005,1912.0,7882.023434000005,-0.10143772788558625,NORMAL,MAIN
2026-01-21,6896.995144000005,945.5,7842.495144000005,-0.10594401112270335,NORMAL,TEST_ONLY
2026-01-22,6903.476179000005,946.5,7849.976179000005,-0.10509116212223335,NORMAL,TEST_ONLY
2026-01-23,7841.9667940000045,0.0,7841.9667940000045,-0.10600424380032059,NORMAL,EMPTY
2026-01-26,6850.756882000004,990.5,7841.256882000004,-0.10608517481315793,NORMAL,TEST_ONLY
2026-01-27,7853.846851000004,0.0,7853.846851000004,-0.10464989981743922,NORMAL,EMPTY
2026-01-28,5997.828291000003,1854.0,7851.828291000003,-0.10488001862832419,NORMAL,MAIN
2026-01-29,7834.809921000004,0.0,7834.809921000004,-0.10682013785569411,NORMAL,EMPTY
2026-01-30,6883.300406000004,954.0,7837.300406000004,-0.10653621890023734,NORMAL,TEST_ONLY
2026-02-02,7839.790841000004,0.0,7839.790841000004,-0.10625230564485422,NORMAL,EMPTY
2026-02-03,7082.883272000004,755.4,7838.283272000003,-0.10642417072967059,NORMAL,TEST_ONLY
2026-02-04,7849.975601000004,0.0,7849.975601000004,-0.10509122801508419,NORMAL,EMPTY
2026-02-05,6860.765709000004,990.0,7850.765709000004,-0.10500115454021564,NORMAL,TEST_ONLY
2026-02-06,7850.355813000004,0.0,7850.355813000004,-0.10504788328749415,NORMAL,EMPTY
2026-02-09,6892.346233000004,955.0,7847.346233000004,-0.10539097983694679,NORMAL,TEST_ONLY
2026-02-10,7841.836738000004,0.0,7841.836738000004,-0.1060190703757351,NORMAL,EMPTY
2026-02-11,7004.828368000004,837.5,7842.328368000004,-0.10596302383216172,NORMAL,TEST_ONLY
2026-02-12,7829.820118000004,0.0,7829.820118000004,-0.1073889827416078,NORMAL,EMPTY
2026-02-13,6945.311273000004,884.0,7829.311273000004,-0.10744699182051787,NORMAL,TEST_ONLY
2026-02-16,6887.792728000004,953.5,7841.292728000004,-0.1060810883164004,NORMAL,TEST_ONLY
2026-02-17,7845.283153000004,0.0,7845.283153000004,-0.1056261739933555,NORMAL,EMPTY
2026-02-18,7012.874829000004,836.4000000000001,7849.274829000004,-0.10517111705446947,NORMAL,TEST_ONLY
2026-02-19,7856.066397000004,0.0,7856.066397000004,-0.10439686830674622,NORMAL,EMPTY
2026-02-20,6929.057127000004,934.0,7863.057127000004,-0.10359991479789954,NORMAL,TEST_ONLY
2026-02-23,7867.047747000004,0.0,7867.047747000004,-0.10314497824456759,NORMAL,EMPTY
2026-02-24,7003.039107000004,864.6,7867.6391070000045,-0.10307756233421317,NORMAL,TEST_ONLY
2026-02-25,7866.430473000004,0.0,7866.430473000004,-0.10321534838906177,NORMAL,EMPTY
2026-02-26,7026.422073000004,837.5999999999999,7864.022073000004,-0.10348990953370707,NORMAL,TEST_ONLY
2026-02-27,7868.013657000004,0.0,7868.013657000004,-0.1030348630829564,NORMAL,EMPTY
2026-03-02,7030.405281000004,838.4000000000001,7868.8052810000045,-0.10294461678185651,NORMAL,TEST_ONLY
2026-03-03,7869.196893000004,0.0,7869.196893000004,-0.10289997243748827,NORMAL,EMPTY
2026-03-04,6902.687228000004,965.5,7868.187228000004,-0.10301507573349733,NORMAL,TEST_ONLY
2026-03-05,7863.677618000004,0.0,7863.677618000004,-0.10352917791067051,NORMAL,EMPTY
2026-03-06,6913.168113000004,951.5,7864.668113000004,-0.10341626002287552,NORMAL,TEST_ONLY
2026-03-09,7853.6587080000045,0.0,7853.6587080000045,-0.10467134839634507,NORMAL,EMPTY
2026-03-10,6984.850020000004,868.2,7853.050020000004,-0.1047407397242025,NORMAL,TEST_ONLY
2026-03-11,6954.832500000004,891.5,7846.332500000004,-0.10550654689094308,NORMAL,TEST_ONLY
2026-03-12,6882.413596000005,981.4,7863.8135960000045,-0.10351367621854024,NORMAL,TEST_ONLY
2026-03-13,7847.003950000005,0.0,7847.003950000005,-0.10543000060271335,NORMAL,EMPTY
2026-03-16,6940.9948900000045,901.0,7841.9948900000045,-0.1060010408149693,NORMAL,TEST_ONLY
2026-03-17,7825.986040000004,0.0,7825.986040000004,-0.10782607327654359,NORMAL,EMPTY
2026-03-18,6995.177732000005,830.8,7825.977732000005,-0.10782702040077108,NORMAL,TEST_ONLY
2026-03-19,6872.960054000005,941.4000000000001,7814.360054000004,-0.10915145279148741,NORMAL,TEST_ONLY
2026-03-20,6823.340730000005,985.5,7808.840730000005,-0.1097806638507417,NORMAL,TEST_ONLY
2026-03-23,6823.340730000005,1000.0,7823.340730000005,-0.10812764250986928,NORMAL,TEST_ONLY
2026-03-24,5967.832175000005,1865.0,7832.832175000005,-0.10704560381050943,NORMAL,TEST_ONLY
2026-03-25,6803.323820000005,1010.9999999999999,7814.323820000005,-0.10915558352081589,NORMAL,TEST_ONLY
2026-03-26,5863.714424000005,1952.7000000000003,7816.414424000006,-0.10891725158789767,NORMAL,TEST_ONLY
2026-03-27,5863.714424000005,1969.6999999999998,7833.414424000005,-0.10697922656756453,NORMAL,TEST_ONLY
2026-03-30,5863.714424000005,1960.6,7824.314424000006,-0.10801663996080169,NORMAL,TEST_ONLY
2026-03-31,5863.714424000005,1939.5,7803.214424000005,-0.11042207101545065,NORMAL,TEST_ONLY
2026-04-01,5863.714424000005,1933.5,7797.214424000005,-0.1111060798461565,NORMAL,TEST_ONLY
2026-04-02,6775.405307000005,1023.5000000000001,7798.905307000005,-0.11091331669554139,NORMAL,TEST_ONLY
2026-04-03,6775.405307000005,1022.5,7797.905307000005,-0.1110273181673257,NORMAL,TEST_ONLY
2026-04-06,6775.405307000005,1022.0,7797.405307000005,-0.1110843189032178,NORMAL,TEST_ONLY
2026-04-07,5792.595479000005,1988.7,7781.295479000005,-0.11292086300540993,NORMAL,TEST_ONLY
2026-04-08,6763.985765000005,1006.9999999999999,7770.985765000005,-0.11409618557508527,NORMAL,TEST_ONLY
2026-04-09,5844.476570000005,1910.0,7754.476570000005,-0.1159782581030594,NORMAL,TEST_ONLY
2026-04-10,7749.457520000005,0.0,7749.457520000005,-0.11655043719001845,NORMAL,EMPTY
2026-04-13,6811.6481420000055,931.4999999999999,7743.1481420000055,-0.11726971556806198,NORMAL,TEST_ONLY
2026-04-14,7737.738881000006,0.0,7737.738881000006,-0.11788637928332735,NORMAL,EMPTY
2026-04-15,6777.329277000005,959.7,7737.029277000005,-0.11796727518371142,NORMAL,TEST_ONLY
2026-04-16,6830.210388000005,919.8000000000001,7750.010388000005,-0.11648740942431601,NORMAL,TEST_ONLY
2026-04-17,7742.8012620000045,0.0,7742.8012620000045,-0.11730926039859457,NORMAL,EMPTY
2026-04-20,4756.271397000004,2988.0,7744.271397000004,-0.11714166284487304,NORMAL,MAIN
2026-04-21,7751.741442000004,0.0,7751.741442000004,-0.11629006672057796,NORMAL,EMPTY
2026-04-22,6831.032235000004,919.8000000000001,7750.832235000004,-0.11639371765673456,NORMAL,TEST_ONLY
2026-04-23,4827.593805000004,2938.6000000000004,7766.193805000004,-0.11464247606781686,NORMAL,MAIN
2026-04-24,4827.593805000004,2892.3999999999996,7719.993805000004,-0.11990934406425202,NORMAL,MAIN
2026-04-27,4827.593805000004,2962.4,7789.993805000004,-0.11192924103935042,NORMAL,MAIN
2026-04-28,4827.593805000004,2958.2,7785.793805000004,-0.11240804722084441,NORMAL,MAIN
2026-04-29,4827.593805000004,2952.6,7780.193805000004,-0.11304645546283654,NORMAL,MAIN
2026-04-30,4827.593805000004,2990.4,7817.993805000004,-0.10873719982938979,NORMAL,MAIN
2026-05-01,4827.593805000004,3000.2,7827.793805000004,-0.10761998540590345,NORMAL,MAIN
2026-05-04,4827.593805000004,3029.6000000000004,7857.193805000004,-0.10426834213544478,NORMAL,MAIN
2026-05-05,4827.593805000004,3022.6,7850.193805000004,-0.10506635243793494,NORMAL,MAIN
2026-05-06,4827.593805000004,3043.6,7871.193805000004,-0.10267232153046446,NORMAL,MAIN
2026-05-07,4827.593805000004,3056.2,7883.793805000004,-0.10123590298598217,NORMAL,MAIN
2026-05-08,4827.593805000004,3073.0,7900.593805000004,-0.09932067826000579,NORMAL,MAIN
2026-05-11,4827.593805000004,3094.0,7921.593805000004,-0.09692664735253531,NORMAL,MAIN
2026-05-12,4827.593805000004,3127.6,7955.193805000004,-0.09309619790058243,NORMAL,MAIN
2026-05-13,4827.593805000004,3096.8,7924.393805000004,-0.09660744323153925,NORMAL,MAIN
2026-05-14,4827.593805000004,3126.2000000000003,7953.793805000005,-0.09325579996108047,NORMAL,MAIN
2026-05-15,4827.593805000004,3127.6,7955.193805000004,-0.09309619790058243,NORMAL,MAIN
2026-05-18,4827.593805000004,3162.6,7990.193805000004,-0.08910614638813164,NORMAL,MAIN
2026-05-19,1921.9647490000043,6062.200000000001,7984.164749000005,-0.08979346764560159,NORMAL,MAIN
2026-05-20,1921.9647490000043,6074.599999999999,7996.564749000004,-0.08837984939547627,NORMAL,MAIN
2026-05-21,1921.9647490000043,6090.2,8012.164749000004,-0.08660142643564106,NORMAL,MAIN
2026-05-22,4779.536173000004,3229.7999999999997,8009.336173000003,-0.08692388826269493,NORMAL,MAIN
2026-05-25,3966.728045000004,4014.2,7980.928045000004,-0.09016245666533185,NORMAL,MAIN
2026-05-26,4766.720045000004,3245.2000000000003,8011.920045000004,-0.0866293230517925,NORMAL,MAIN
2026-05-27,4766.720045000004,3245.2000000000003,8011.920045000004,-0.0866293230517925,NORMAL,MAIN
2026-05-28,4766.720045000004,3290.0,8056.720045000004,-0.08152205711585558,NORMAL,MAIN
2026-05-29,4766.720045000004,3264.7999999999997,8031.520045000003,-0.08439489420482027,NORMAL,MAIN
