date,symbol,name,shares,avg_cost,last_price,market_value,unrealized_pnl,unrealized_pnl_ratio,position_type
2024-01-02,159995,芯片ETF,2300,1.271,1.268,2916.4,-6.899999999999751,-0.002360346184106965,MAIN
2024-01-03,159995,芯片ETF,2300,1.271,1.289,2964.7,41.400000000000034,0.014162077104642012,MAIN
2024-01-04,159995,芯片ETF,2300,1.271,1.289,2964.7,41.400000000000034,0.014162077104642012,MAIN
2024-01-04,159819,人工智能ETF,1400,2.106,2.097,2935.8,-12.599999999999856,-0.004273504273504258,MAIN
2024-01-05,159995,芯片ETF,2300,1.271,1.28,2944.0,20.700000000000273,0.007081038552321006,MAIN
2024-01-05,159819,人工智能ETF,1400,2.106,2.094,2931.6,-16.800000000000015,-0.005698005698005715,MAIN
2024-01-08,159995,芯片ETF,2300,1.271,1.254,2884.2,-39.09999999999978,-0.01337529504327295,MAIN
2024-01-08,159819,人工智能ETF,1400,2.106,2.08,2912.0,-36.39999999999972,-0.012345679012345623,MAIN
2024-01-09,159995,芯片ETF,2300,1.271,1.249,2872.7000000000003,-50.59999999999953,-0.017309205350117818,MAIN
2024-01-09,159819,人工智能ETF,1400,2.106,2.118,2965.2,16.800000000000015,0.005698005698005604,MAIN
2024-01-10,159995,芯片ETF,2300,1.271,1.233,2835.9,-87.39999999999957,-0.029897718332021928,MAIN
2024-01-10,159819,人工智能ETF,1400,2.106,2.147,3005.7999999999997,57.39999999999989,0.019468186134852683,MAIN
2024-01-11,159819,人工智能ETF,1400,2.106,2.139,2994.6,46.19999999999989,0.015669515669515688,MAIN
2024-01-12,159819,人工智能ETF,1400,2.106,2.183,3056.2,107.79999999999994,0.03656220322886994,MAIN
2024-01-12,159732,消费电子ETF,1300,1.529,1.529,1987.6999999999998,0.0,0.0,MAIN
2024-01-15,159819,人工智能ETF,1400,2.106,2.132,2984.8,36.40000000000035,0.012345679012345734,MAIN
2024-01-16,159819,人工智能ETF,1400,2.106,2.134,2987.6,39.20000000000003,0.013295346628680038,MAIN
2024-01-16,159713,稀土产业ETF,700,1.259,1.26,882.0,0.7000000000000783,0.000794281175536149,TEST
2024-01-17,159819,人工智能ETF,1400,2.106,2.143,3000.2,51.79999999999989,0.017568850902184296,MAIN
2024-01-17,159713,稀土产业ETF,700,1.259,1.259,881.3,0.0,0.0,TEST
2024-01-18,159819,人工智能ETF,1400,2.106,2.149,3008.6,60.20000000000021,0.02041785375118721,MAIN
2024-01-18,159713,稀土产业ETF,700,1.259,1.26,882.0,0.7000000000000783,0.000794281175536149,TEST
2024-01-19,159819,人工智能ETF,1400,2.106,2.181,3053.4,105.00000000000026,0.035612535612535634,MAIN
2024-01-19,159713,稀土产业ETF,700,1.259,1.274,891.8000000000001,10.500000000000087,0.011914217633042234,TEST
2024-01-22,159819,人工智能ETF,1400,2.106,2.21,3094.0,145.60000000000014,0.04938271604938271,MAIN
2024-01-22,159713,稀土产业ETF,700,1.259,1.257,879.9,-1.4000000000000012,-0.001588562351072298,TEST
2024-01-23,159819,人工智能ETF,1400,2.106,2.2,3080.0000000000005,131.60000000000042,0.044634377967711414,MAIN
2024-01-23,159713,稀土产业ETF,700,1.259,1.252,876.4,-4.899999999999927,-0.005559968228752932,TEST
2024-01-24,159819,人工智能ETF,1400,2.106,2.181,3053.4,105.00000000000026,0.035612535612535634,MAIN
2024-01-24,159713,稀土产业ETF,700,1.259,1.262,883.4,2.1000000000000796,0.002382843526608447,TEST
2024-01-25,159819,人工智能ETF,1400,2.106,2.177,3047.8,99.40000000000025,0.033713200379867025,MAIN
2024-01-25,159713,稀土产业ETF,700,1.259,1.263,884.0999999999999,2.8000000000000025,0.003177124702144596,TEST
2024-01-26,159819,人工智能ETF,1400,2.106,2.17,3038.0,89.60000000000008,0.03038936372269707,MAIN
2024-01-26,159713,稀土产业ETF,700,1.259,1.276,893.2,11.900000000000087,0.013502779984114532,TEST
2024-01-29,159819,人工智能ETF,1400,2.106,2.167,3033.7999999999997,85.39999999999992,0.028964862298195504,MAIN
2024-01-29,159713,稀土产业ETF,700,1.259,1.276,893.2,11.900000000000087,0.013502779984114532,TEST
2024-01-30,159819,人工智能ETF,1400,2.106,2.206,3088.4,140.0000000000001,0.047483380816714105,MAIN
2024-01-30,159713,稀土产业ETF,700,1.259,1.265,885.4999999999999,4.200000000000004,0.004765687053216894,TEST
2024-01-31,159819,人工智能ETF,1400,2.106,2.206,3088.4,140.0000000000001,0.047483380816714105,MAIN
2024-01-31,159713,稀土产业ETF,700,1.259,1.273,891.0999999999999,9.800000000000008,0.011119936457505863,TEST
2024-02-01,159819,人工智能ETF,1400,2.106,2.247,3145.7999999999997,197.40000000000003,0.06695156695156701,MAIN
2024-02-01,159713,稀土产业ETF,700,1.259,1.28,896.0,14.700000000000092,0.016679904686259128,TEST
2024-02-02,159819,人工智能ETF,1400,2.106,2.228,3119.2000000000003,170.80000000000047,0.05792972459639145,MAIN
2024-02-02,159713,稀土产业ETF,700,1.259,1.284,898.8000000000001,17.500000000000092,0.019857029388403502,TEST
2024-02-05,159819,人工智能ETF,1400,2.106,2.24,3136.0000000000005,187.60000000000048,0.06362773029439706,MAIN
2024-02-05,159713,稀土产业ETF,700,1.259,1.254,877.8,-3.4999999999999254,-0.003971405877680634,TEST
2024-02-06,159819,人工智能ETF,1400,2.106,2.198,3077.2,128.80000000000013,0.04368471035137711,MAIN
2024-02-07,159819,人工智能ETF,1400,2.106,2.163,3028.2,79.79999999999991,0.027065527065527117,MAIN
2024-02-08,515050,5G通信ETF,3300,1.492,1.491,4920.3,-3.2999999999996366,-0.0006702412868632157,STRONG
2024-02-09,515050,5G通信ETF,3300,1.492,1.503,4959.9,36.29999999999966,0.007372654155495928,STRONG
2024-02-12,515050,5G通信ETF,3300,1.492,1.527,5039.099999999999,115.49999999999973,0.023458445040214437,STRONG
2024-02-13,515050,5G通信ETF,3300,1.492,1.499,4946.700000000001,23.100000000000385,0.004691689008043065,STRONG
2024-02-13,159819,人工智能ETF,600,2.217,2.212,1327.2,-2.999999999999936,-0.00225529995489393,MAIN
2024-02-14,515050,5G通信ETF,3300,1.492,1.498,4943.4,19.80000000000002,0.004021447721179738,STRONG
2024-02-14,159819,人工智能ETF,600,2.217,2.182,1309.2,-21.000000000000085,-0.015787099684258066,MAIN
2024-02-15,515050,5G通信ETF,3300,1.492,1.467,4841.1,-82.4999999999997,-0.016756032171581725,STRONG
2024-02-16,515050,5G通信ETF,3300,1.492,1.455,4801.5,-122.09999999999974,-0.02479892761394098,STRONG
2024-02-16,515880,通信ETF,1000,1.449,1.448,1448.0,-1.000000000000112,-0.0006901311249137843,MAIN
2024-02-19,515050,5G通信ETF,3300,1.492,1.417,4676.1,-247.49999999999986,-0.050268096514745286,STRONG
2024-02-19,515880,通信ETF,1000,1.449,1.441,1441.0,-8.000000000000007,-0.00552104899930983,MAIN
2024-02-20,515880,通信ETF,1000,1.449,1.463,1463.0,14.000000000000012,0.009661835748792313,MAIN
2024-02-21,515880,通信ETF,1000,1.449,1.462,1462.0,12.9999999999999,0.008971704623878418,MAIN
2024-02-22,515880,通信ETF,1000,1.449,1.477,1477.0,28.000000000000025,0.019323671497584627,MAIN
2024-02-23,515880,通信ETF,1000,1.449,1.45,1450.0,0.9999999999998899,0.0006901311249136732,MAIN
2024-02-23,516150,稀土ETF,300,2.668,2.669,800.7,0.29999999999996696,0.00037481259370308884,TEST
2024-02-26,515880,通信ETF,1000,1.449,1.465,1465.0,16.000000000000014,0.01104209799861966,MAIN
2024-02-26,516150,稀土ETF,300,2.668,2.669,800.7,0.29999999999996696,0.00037481259370308884,TEST
2024-02-27,515880,通信ETF,1000,1.449,1.453,1453.0,4.0000000000000036,0.002760524499654915,MAIN
2024-02-27,516150,稀土ETF,300,2.668,2.685,805.5,5.099999999999971,0.006371814092953398,TEST
2024-02-28,515880,通信ETF,1000,1.449,1.476,1476.0,26.999999999999915,0.01863354037267073,MAIN
2024-02-28,516150,稀土ETF,300,2.668,2.714,814.2,13.799999999999946,0.01724137931034475,TEST
2024-02-29,515880,通信ETF,1000,1.449,1.524,1524.0,74.99999999999996,0.05175983436852993,MAIN
2024-02-29,516150,稀土ETF,300,2.668,2.742,822.6,22.199999999999953,0.027736131934033015,TEST
2024-03-01,515880,通信ETF,1000,1.449,1.53,1530.0,80.99999999999996,0.05590062111801242,MAIN
2024-03-01,516150,稀土ETF,300,2.668,2.794,838.2,37.79999999999997,0.04722638680659674,TEST
2024-03-04,515880,通信ETF,1000,1.449,1.568,1568.0,119.0,0.08212560386473422,MAIN
2024-03-04,516150,稀土ETF,300,2.668,2.806,841.8000000000001,41.39999999999997,0.051724137931034475,TEST
2024-03-05,515880,通信ETF,1000,1.449,1.577,1577.0,127.99999999999989,0.08833678398895772,MAIN
2024-03-05,516150,稀土ETF,300,2.668,2.807,842.1,41.69999999999994,0.052098950524737564,TEST
2024-03-06,515880,通信ETF,1000,1.449,1.567,1567.0,117.99999999999989,0.08143547273982055,MAIN
2024-03-06,516150,稀土ETF,300,2.668,2.851,855.3,54.89999999999995,0.06859070464767614,TEST
2024-03-07,515880,通信ETF,1000,1.449,1.55,1550.0,100.99999999999997,0.06970324361628699,MAIN
2024-03-07,516150,稀土ETF,300,2.668,2.856,856.8,56.39999999999992,0.0704647676161918,TEST
2024-03-08,515880,通信ETF,1000,1.449,1.563,1563.0,113.99999999999989,0.07867494824016563,MAIN
2024-03-08,516150,稀土ETF,300,2.668,2.884,865.1999999999999,64.79999999999993,0.08095952023988007,TEST
2024-03-11,515880,通信ETF,1000,1.449,1.57,1570.0,121.0,0.08350586611456179,MAIN
2024-03-11,516150,稀土ETF,300,2.668,2.875,862.5,62.09999999999995,0.0775862068965516,TEST
2024-03-12,515880,通信ETF,1000,1.449,1.556,1556.0,106.99999999999999,0.07384403036576948,MAIN
2024-03-12,516150,稀土ETF,300,2.668,2.888,866.4,65.99999999999993,0.08245877061469264,TEST
2024-03-13,515880,通信ETF,1000,1.449,1.558,1558.0,108.99999999999999,0.07522429261559704,MAIN
2024-03-13,516150,稀土ETF,300,2.668,2.984,895.2,94.79999999999995,0.11844077961019472,TEST
2024-03-14,515880,通信ETF,1000,1.449,1.559,1559.0,109.99999999999987,0.07591442374051072,MAIN
2024-03-14,516150,稀土ETF,300,2.668,3.006,901.8,101.39999999999989,0.126686656671664,TEST
2024-03-15,515880,通信ETF,1000,1.449,1.559,1559.0,109.99999999999987,0.07591442374051072,MAIN
2024-03-15,516150,稀土ETF,300,2.668,3.054,916.1999999999999,115.7999999999999,0.14467766116941516,TEST
2024-03-18,515880,通信ETF,1000,1.449,1.596,1596.0,147.00000000000003,0.10144927536231885,MAIN
2024-03-18,516150,稀土ETF,300,2.668,3.046,913.8,113.3999999999999,0.14167916041979,TEST
2024-03-19,515880,通信ETF,1000,1.449,1.594,1594.0,145.00000000000003,0.10006901311249128,MAIN
2024-03-19,516150,稀土ETF,300,2.668,3.081,924.3,123.89999999999995,0.15479760119940011,TEST
2024-03-20,515880,通信ETF,1000,1.449,1.555,1555.0,105.99999999999987,0.07315389924085558,MAIN
2024-03-20,516150,稀土ETF,300,2.668,3.069,920.6999999999999,120.29999999999994,0.15029985007496238,TEST
2024-03-21,515880,通信ETF,1000,1.449,1.534,1534.0,84.99999999999997,0.05866114561766733,MAIN
2024-03-21,516150,稀土ETF,300,2.668,3.111,933.3000000000001,132.9,0.16604197901049478,TEST
2024-03-22,516150,稀土ETF,300,2.668,3.123,936.9000000000001,136.50000000000003,0.1705397301349325,TEST
2024-03-25,516150,稀土ETF,300,2.668,3.121,936.3,135.89999999999995,0.1697901049475261,TEST
2024-03-25,515880,通信ETF,1200,1.556,1.561,1873.1999999999998,5.999999999999872,0.0032133676092545027,MAIN
2024-03-26,516150,稀土ETF,300,2.668,3.142,942.6,142.19999999999993,0.1776611694152923,TEST
2024-03-26,515880,通信ETF,1200,1.556,1.571,1885.2,17.999999999999883,0.009640102827763508,MAIN
2024-03-27,516150,稀土ETF,300,2.668,3.16,948.0,147.6,0.18440779610194902,TEST
2024-03-27,515880,通信ETF,1200,1.556,1.6,1920.0,52.80000000000005,0.028277634961439535,MAIN
2024-03-28,516150,稀土ETF,300,2.668,3.176,952.8000000000001,152.4,0.19040479760119933,TEST
2024-03-28,515880,通信ETF,1200,1.556,1.565,1878.0,10.799999999999876,0.005784061696658016,MAIN
2024-03-29,516150,稀土ETF,300,2.668,3.189,956.7,156.29999999999998,0.19527736131934037,TEST
2024-03-29,515880,通信ETF,1200,1.556,1.584,1900.8000000000002,33.60000000000003,0.01799485861182526,MAIN
2024-04-01,516150,稀土ETF,300,2.668,3.191,957.3,156.89999999999992,0.19602698650674655,TEST
2024-04-01,515880,通信ETF,1200,1.556,1.56,1872.0,4.800000000000004,0.0025706940874035134,MAIN
2024-04-02,516150,稀土ETF,300,2.668,3.199,959.6999999999999,159.2999999999999,0.1990254872563717,TEST
2024-04-03,516150,稀土ETF,300,2.668,3.234,970.2,169.79999999999995,0.21214392803598203,TEST
2024-04-04,516150,稀土ETF,300,2.668,3.292,987.5999999999999,187.1999999999999,0.23388305847076452,TEST
2024-04-05,516150,稀土ETF,300,2.668,3.315,994.5,194.09999999999994,0.2425037481259369,TEST
2024-04-05,515050,5G通信ETF,1800,1.623,1.615,2907.0,-14.400000000000013,-0.004929143561306248,MAIN
2024-04-08,516150,稀土ETF,300,2.668,3.372,1011.5999999999999,211.19999999999993,0.2638680659670163,TEST
2024-04-08,515050,5G通信ETF,1800,1.623,1.634,2941.2,19.79999999999982,0.0067775723967959944,MAIN
2024-04-09,516150,稀土ETF,300,2.668,3.37,1011.0,210.6,0.2631184407796101,TEST
2024-04-09,515050,5G通信ETF,1800,1.623,1.637,2946.6,25.200000000000024,0.008626001232285851,MAIN
2024-04-10,516150,稀土ETF,300,2.668,3.474,1042.2,241.8,0.30209895052473756,TEST
2024-04-10,515050,5G通信ETF,1800,1.623,1.637,2946.6,25.200000000000024,0.008626001232285851,MAIN
2024-04-11,516150,稀土ETF,300,2.668,3.484,1045.2,244.79999999999995,0.3058470764617691,TEST
2024-04-11,515050,5G通信ETF,1800,1.623,1.685,3033.0,111.6000000000001,0.03820086260012334,MAIN
2024-04-12,516150,稀土ETF,300,2.668,3.547,1064.1000000000001,263.7,0.3294602698650675,TEST
2024-04-12,515050,5G通信ETF,1800,1.623,1.69,3042.0,120.59999999999991,0.04128157732593962,MAIN
2024-04-15,516150,稀土ETF,300,2.668,3.54,1062.0,261.59999999999997,0.3268365817091454,TEST
2024-04-15,515050,5G通信ETF,1800,1.623,1.69,3042.0,120.59999999999991,0.04128157732593962,MAIN
2024-04-16,516150,稀土ETF,300,2.668,3.55,1065.0,264.5999999999999,0.33058470764617676,TEST
2024-04-16,515050,5G通信ETF,1800,1.623,1.666,2998.7999999999997,77.39999999999986,0.026494146642020988,MAIN
2024-04-17,516150,稀土ETF,300,2.668,3.618,1085.3999999999999,284.99999999999994,0.3560719640179908,TEST
2024-04-17,515050,5G通信ETF,1800,1.623,1.687,3036.6,115.2000000000001,0.039433148490449765,MAIN
2024-04-18,516150,稀土ETF,300,2.668,3.578,1073.3999999999999,272.9999999999999,0.341079460269865,TEST
2024-04-18,515050,5G通信ETF,1800,1.623,1.695,3051.0,129.6000000000001,0.044362292051756125,MAIN
2024-04-19,516150,稀土ETF,300,2.668,3.569,1070.7,270.29999999999995,0.33770614692653655,TEST
2024-04-19,515050,5G通信ETF,1800,1.623,1.665,2997.0,75.60000000000007,0.025878003696857776,MAIN
2024-04-22,516150,稀土ETF,300,2.668,3.621,1086.3,285.9,0.3571964017991003,TEST
2024-04-22,515050,5G通信ETF,1800,1.623,1.676,3016.7999999999997,95.39999999999989,0.03265557609365377,MAIN
2024-04-23,516150,稀土ETF,300,2.668,3.691,1107.3,306.8999999999999,0.3834332833583207,TEST
2024-04-23,515050,5G通信ETF,1800,1.623,1.646,2962.7999999999997,41.399999999999835,0.014171287738755423,MAIN
2024-04-24,516150,稀土ETF,300,2.668,3.68,1104.0,303.6,0.3793103448275863,TEST
2024-04-24,515050,5G通信ETF,1800,1.623,1.626,2926.7999999999997,5.399999999999805,0.001848428835489857,MAIN
2024-04-25,516150,稀土ETF,300,2.668,3.681,1104.3,303.9,0.3796851574212894,TEST
2024-04-26,516150,稀土ETF,300,2.668,3.651,1095.3,294.8999999999999,0.3684407796101947,TEST
2024-04-26,515880,通信ETF,1800,1.642,1.645,2961.0,5.400000000000205,0.0018270401948843329,MAIN
2024-04-29,516150,稀土ETF,300,2.668,3.679,1103.7,303.2999999999999,0.378935532233883,TEST
2024-04-29,515880,通信ETF,1800,1.642,1.653,2975.4,19.800000000000217,0.006699147381242554,MAIN
2024-04-30,516150,稀土ETF,300,2.668,3.728,1118.4,318.0,0.3973013493253372,TEST
2024-04-30,515880,通信ETF,1800,1.642,1.687,3036.6,81.00000000000027,0.027405602923264327,MAIN
2024-05-01,516150,稀土ETF,300,2.668,3.724,1117.2,316.8,0.39580209895052465,TEST
2024-05-01,515880,通信ETF,1800,1.642,1.696,3052.7999999999997,97.20000000000009,0.032886723507917104,MAIN
2024-05-02,516150,稀土ETF,300,2.668,3.684,1105.2,304.8,0.3808095952023989,TEST
2024-05-02,515880,通信ETF,1800,1.642,1.681,3025.8,70.20000000000026,0.023751522533495883,MAIN
2024-05-03,516150,稀土ETF,300,2.668,3.675,1102.5,302.0999999999999,0.3774362818590704,TEST
2024-05-03,515880,通信ETF,1800,1.642,1.672,3009.6,54.00000000000005,0.018270401948842885,MAIN
2024-05-06,516150,稀土ETF,300,2.668,3.708,1112.4,312.0,0.38980509745127434,TEST
2024-05-06,515880,通信ETF,1800,1.642,1.627,2928.6,-26.999999999999822,-0.009135200974421331,MAIN
2024-05-07,516150,稀土ETF,300,2.668,3.768,1130.3999999999999,329.9999999999999,0.412293853073463,TEST
2024-05-08,516150,稀土ETF,300,2.668,3.803,1140.9,340.49999999999994,0.42541229385307333,TEST
2024-05-08,159819,人工智能ETF,300,2.536,2.543,762.9000000000001,2.100000000000035,0.0027602523659306932,TEST
2024-05-09,516150,稀土ETF,300,2.668,3.808,1142.3999999999999,341.9999999999999,0.427286356821589,TEST
2024-05-09,159819,人工智能ETF,300,2.536,2.547,764.1,3.3000000000000362,0.00433753943217674,TEST
2024-05-10,516150,稀土ETF,300,2.668,3.788,1136.3999999999999,335.9999999999999,0.4197901049475261,TEST
2024-05-10,159819,人工智能ETF,300,2.536,2.541,762.3,1.499999999999968,0.0019716088328074477,TEST
2024-05-13,516150,稀土ETF,300,2.668,3.808,1142.3999999999999,341.9999999999999,0.427286356821589,TEST
2024-05-13,159819,人工智能ETF,300,2.536,2.538,761.4,0.5999999999999339,0.0007886435331230235,TEST
2024-05-14,516150,稀土ETF,300,2.668,3.83,1149.0,348.59999999999997,0.4355322338830585,TEST
2024-05-14,159819,人工智能ETF,300,2.536,2.576,772.8000000000001,12.00000000000001,0.015772870662460692,TEST
2024-05-15,516150,稀土ETF,300,2.668,3.836,1150.8,350.3999999999999,0.43778110944527726,TEST
2024-05-15,159819,人工智能ETF,300,2.536,2.555,766.5,5.700000000000038,0.007492113564668834,TEST
2024-05-16,516150,稀土ETF,300,2.668,3.846,1153.8,353.4,0.4415292353823088,TEST
2024-05-16,159819,人工智能ETF,300,2.536,2.564,769.2,8.400000000000007,0.011041009463722329,TEST
2024-05-17,516150,稀土ETF,300,2.668,3.834,1150.2,349.79999999999995,0.4370314842578711,TEST
2024-05-17,159819,人工智能ETF,300,2.536,2.533,759.9,-0.9000000000000341,-0.0011829652996845352,TEST
2024-05-20,516150,稀土ETF,300,2.668,3.804,1141.2,340.7999999999999,0.4257871064467764,TEST
2024-05-20,159819,人工智能ETF,300,2.536,2.493,747.9,-12.900000000000045,-0.016955835962145116,TEST
2024-05-21,516150,稀土ETF,300,2.668,3.777,1133.1000000000001,332.7,0.41566716641679147,TEST
2024-05-22,516150,稀土ETF,300,2.668,3.699,1109.7,309.2999999999999,0.3864317841079459,TEST
2024-05-23,516640,芯片龙头ETF,700,1.391,1.392,974.4,0.6999999999999229,0.0007189072609632419,TEST
2024-05-24,516640,芯片龙头ETF,700,1.391,1.407,984.9,11.20000000000001,0.011502516175413424,TEST
2024-05-27,516640,芯片龙头ETF,700,1.391,1.409,986.3000000000001,12.600000000000012,0.01294033069734013,TEST
2024-05-28,516640,芯片龙头ETF,700,1.391,1.423,996.1,22.40000000000002,0.02300503235082685,TEST
2024-05-28,515050,5G通信ETF,1800,1.611,1.614,2905.2000000000003,5.400000000000205,0.0018621973929238145,MAIN
2024-05-29,516640,芯片龙头ETF,700,1.391,1.407,984.9,11.20000000000001,0.011502516175413424,TEST
2024-05-29,515050,5G通信ETF,1800,1.611,1.621,2917.8,18.000000000000014,0.0062073246430789375,MAIN
2024-05-30,516640,芯片龙头ETF,700,1.391,1.393,975.1,1.4000000000000012,0.0014378145219267058,TEST
2024-05-30,515050,5G通信ETF,1800,1.611,1.601,2881.8,-18.000000000000014,-0.0062073246430788265,MAIN
2024-05-31,516640,芯片龙头ETF,700,1.391,1.392,974.4,0.6999999999999229,0.0007189072609632419,TEST
2024-06-03,516640,芯片龙头ETF,700,1.391,1.383,968.1,-5.600000000000005,-0.005751258087706712,TEST
2024-06-04,516640,芯片龙头ETF,700,1.391,1.363,954.1,-19.600000000000016,-0.020129403306973437,TEST
2024-06-04,516510,云计算ETF,1100,2.568,2.582,2840.2,15.39999999999977,0.005451713395638658,MAIN
2024-06-05,516510,云计算ETF,1100,2.568,2.589,2847.9,23.0999999999999,0.008177570093457875,MAIN
2024-06-06,516510,云计算ETF,1100,2.568,2.61,2871.0,46.1999999999998,0.01635514018691575,MAIN
2024-06-06,512480,半导体ETF,900,3.638,3.629,3266.1,-8.099999999999907,-0.002473886750962051,STRONG
2024-06-07,516510,云计算ETF,1100,2.568,2.679,2946.8999999999996,122.09999999999974,0.04322429906542058,MAIN
2024-06-07,512480,半导体ETF,900,3.638,3.63,3267.0,-7.200000000000006,-0.0021990104452995762,STRONG
2024-06-10,516510,云计算ETF,1100,2.568,2.62,2882.0,57.20000000000005,0.02024922118380057,MAIN
2024-06-10,512480,半导体ETF,900,3.638,3.601,3240.9,-33.299999999999926,-0.010170423309510679,STRONG
2024-06-11,516510,云计算ETF,1100,2.568,2.654,2919.4,94.59999999999984,0.03348909657320864,MAIN
2024-06-11,512480,半导体ETF,900,3.638,3.618,3256.2,-18.000000000000014,-0.005497526113249052,STRONG
2024-06-12,516510,云计算ETF,1100,2.568,2.663,2929.2999999999997,104.49999999999973,0.03699376947040478,MAIN
2024-06-12,512480,半导体ETF,900,3.638,3.64,3276.0,1.8000000000002014,0.0005497526113249496,STRONG
2024-06-13,516510,云计算ETF,1100,2.568,2.633,2896.3,71.49999999999994,0.025311526479750768,MAIN
2024-06-13,512480,半导体ETF,900,3.638,3.637,3273.3,-0.8999999999999009,-0.0002748763056624748,STRONG
2024-06-14,516510,云计算ETF,1100,2.568,2.671,2938.1,113.29999999999973,0.04010903426791268,MAIN
2024-06-14,512480,半导体ETF,900,3.638,3.648,3283.2000000000003,9.000000000000208,0.002748763056624526,STRONG
2024-06-17,516510,云计算ETF,1100,2.568,2.694,2963.4,138.59999999999988,0.0490654205607477,MAIN
2024-06-17,512480,半导体ETF,900,3.638,3.732,3358.8,84.60000000000028,0.02583837273227063,STRONG
2024-06-18,516510,云计算ETF,1100,2.568,2.66,2926.0,101.20000000000009,0.03582554517133962,MAIN
2024-06-18,512480,半导体ETF,900,3.638,3.761,3384.9,110.7000000000002,0.03380978559648162,STRONG
2024-06-19,516510,云计算ETF,1100,2.568,2.629,2891.9,67.09999999999994,0.02375389408099693,MAIN
2024-06-19,512480,半导体ETF,900,3.638,3.82,3438.0,163.79999999999995,0.05002748763056619,STRONG
2024-06-20,516510,云计算ETF,1100,2.568,2.603,2863.3,38.500000000000156,0.013629283489096533,MAIN
2024-06-20,512480,半导体ETF,900,3.638,3.84,3456.0,181.79999999999995,0.055525013743815244,STRONG
2024-06-21,512480,半导体ETF,900,3.638,3.855,3469.5,195.30000000000007,0.05964815832875203,STRONG
2024-06-24,512480,半导体ETF,900,3.638,3.762,3385.8,111.6000000000001,0.03408466190214399,STRONG
2024-06-25,512480,半导体ETF,900,3.638,3.704,3333.6000000000004,59.400000000000254,0.018141836173722004,STRONG
2024-06-25,159995,芯片ETF,1400,1.402,1.41,1974.0,11.20000000000001,0.005706134094151327,MAIN
2024-06-26,512480,半导体ETF,900,3.638,3.78,3402.0,127.79999999999991,0.03903243540406809,STRONG
2024-06-27,512480,半导体ETF,900,3.638,3.808,3427.2,152.99999999999994,0.04672897196261672,STRONG
2024-06-27,515260,电子ETF,3200,0.936,0.935,2992.0,-3.200000000000003,-0.0010683760683760646,MAIN
2024-06-28,512480,半导体ETF,900,3.638,3.835,3451.5,177.30000000000007,0.05415063221550298,STRONG
2024-06-28,515260,电子ETF,3200,0.936,0.923,2953.6000000000004,-41.60000000000004,-0.01388888888888895,MAIN
2024-07-01,512480,半导体ETF,900,3.638,3.822,3439.8,165.60000000000014,0.05057724024189114,STRONG
2024-07-02,512480,半导体ETF,900,3.638,3.773,3395.7000000000003,121.50000000000021,0.0371083012644311,STRONG
2024-07-02,516510,云计算ETF,700,2.605,2.606,1824.1999999999998,0.6999999999999229,0.00038387715930898736,MAIN
2024-07-03,512480,半导体ETF,900,3.638,3.706,3335.4,61.20000000000005,0.01869158878504673,STRONG
2024-07-04,516510,云计算ETF,300,2.563,2.556,766.8000000000001,-2.100000000000035,-0.002731174404994152,TEST
2024-07-05,516640,芯片龙头ETF,1900,1.516,1.511,2870.8999999999996,-9.50000000000022,-0.0032981530343009213,MAIN
2024-07-08,516640,芯片龙头ETF,1900,1.516,1.499,2848.1000000000004,-32.29999999999982,-0.0112137203166226,MAIN
2024-07-08,515260,电子ETF,2200,0.908,0.91,2002.0,4.400000000000004,0.0022026431718060735,MAIN
2024-07-09,516640,芯片龙头ETF,1900,1.516,1.518,2884.2,3.8000000000000034,0.0013192612137202797,MAIN
2024-07-10,516640,芯片龙头ETF,1900,1.516,1.51,2869.0,-11.40000000000001,-0.00395778364116095,MAIN
2024-07-10,516150,稀土ETF,200,3.568,3.578,715.6,1.9999999999999574,0.002802690582959677,TEST
2024-07-11,516640,芯片龙头ETF,1900,1.516,1.521,2889.8999999999996,9.499999999999797,0.0032981530343008103,MAIN
2024-07-12,516640,芯片龙头ETF,1900,1.516,1.533,2912.7,32.29999999999982,0.01121372031662271,MAIN
2024-07-12,159713,稀土产业ETF,1800,1.583,1.578,2840.4,-8.999999999999808,-0.0031585596967782514,MAIN
2024-07-15,516640,芯片龙头ETF,1900,1.516,1.557,2958.2999999999997,77.89999999999986,0.02704485488126651,MAIN
2024-07-16,516640,芯片龙头ETF,1900,1.516,1.563,2969.7,89.29999999999987,0.03100263852242735,MAIN
2024-07-17,516640,芯片龙头ETF,1900,1.516,1.561,2965.9,85.49999999999986,0.02968337730870707,MAIN
2024-07-18,516640,芯片龙头ETF,1900,1.516,1.556,2956.4,76.00000000000007,0.02638522427440626,MAIN
2024-07-19,516640,芯片龙头ETF,1900,1.516,1.568,2979.2000000000003,98.80000000000008,0.03430079155672816,MAIN
2024-07-22,516640,芯片龙头ETF,1900,1.516,1.584,3009.6000000000004,129.2000000000001,0.04485488126649084,MAIN
2024-07-23,516640,芯片龙头ETF,1900,1.516,1.564,2971.6,91.20000000000007,0.0316622691292876,MAIN
2024-07-23,159713,稀土产业ETF,1200,1.561,1.573,1887.6,14.400000000000013,0.0076873798846892605,MAIN
2024-07-24,516640,芯片龙头ETF,1900,1.516,1.57,2983.0,102.6000000000001,0.03562005277044866,MAIN
2024-07-25,516640,芯片龙头ETF,1900,1.516,1.567,2977.2999999999997,96.89999999999988,0.03364116094986813,MAIN
2024-07-25,516150,稀土ETF,200,3.732,3.744,748.8000000000001,2.400000000000002,0.003215434083601254,TEST
2024-07-26,516640,芯片龙头ETF,1900,1.516,1.568,2979.2000000000003,98.80000000000008,0.03430079155672816,MAIN
2024-07-29,516640,芯片龙头ETF,1900,1.516,1.549,2943.1,62.69999999999985,0.02176781002638517,MAIN
2024-07-29,516150,稀土ETF,200,3.677,3.671,734.1999999999999,-1.2000000000000455,-0.0016317650258363958,TEST
2024-07-30,516640,芯片龙头ETF,1900,1.516,1.55,2945.0,64.60000000000005,0.02242744063324542,MAIN
2024-07-31,516640,芯片龙头ETF,1900,1.516,1.544,2933.6,53.200000000000045,0.01846965699208436,MAIN
2024-08-01,159995,芯片ETF,2100,1.382,1.389,2916.9,14.700000000000246,0.005065123010130401,MAIN
2024-08-05,516640,芯片龙头ETF,1800,1.592,1.595,2871.0,5.399999999999805,0.0018844221105527303,MAIN
2024-08-06,516640,芯片龙头ETF,1800,1.592,1.599,2878.2,12.599999999999811,0.0043969849246230375,MAIN
2024-08-07,516640,芯片龙头ETF,1800,1.592,1.593,2867.4,1.7999999999998018,0.0006281407035175768,MAIN
2024-08-08,516640,芯片龙头ETF,1800,1.592,1.611,2899.8,34.19999999999983,0.011934673366834181,MAIN
2024-08-09,516640,芯片龙头ETF,1800,1.592,1.612,2901.6000000000004,36.00000000000003,0.012562814070351758,MAIN
2024-08-12,516640,芯片龙头ETF,1800,1.592,1.595,2871.0,5.399999999999805,0.0018844221105527303,MAIN
2024-08-13,516640,芯片龙头ETF,1800,1.592,1.553,2795.4,-70.20000000000026,-0.02449748743718605,MAIN
2024-08-15,516640,芯片龙头ETF,600,1.561,1.562,937.2,0.6000000000000671,0.0006406149903908087,TEST
2024-08-16,512480,半导体ETF,200,3.339,3.319,663.8,-4.0000000000000036,-0.005989817310572021,TEST
2024-08-19,516640,芯片龙头ETF,600,1.551,1.544,926.4,-4.199999999999937,-0.004513217279174642,TEST
2024-08-20,159732,消费电子ETF,700,1.324,1.325,927.5,0.6999999999999229,0.0007552870090634656,TEST
2024-08-21,512480,半导体ETF,200,3.41,3.382,676.4,-5.600000000000005,-0.008211143695014633,TEST
2024-08-23,516640,芯片龙头ETF,600,1.492,1.498,898.8,3.600000000000003,0.004021447721179738,TEST
2024-08-27,159713,稀土产业ETF,600,1.442,1.445,867.0,1.8000000000000682,0.0020804438280166426,TEST
2024-08-29,159713,稀土产业ETF,700,1.428,1.431,1001.7,2.1000000000000796,0.0021008403361344463,TEST
2024-08-30,512480,半导体ETF,300,3.271,3.277,983.1,1.8000000000000682,0.0018343014368695787,TEST
2024-09-03,516150,稀土ETF,200,3.414,3.396,679.1999999999999,-3.6000000000000476,-0.005272407732864748,TEST
2024-09-05,159732,消费电子ETF,700,1.33,1.33,931.0,0.0,0.0,TEST
2024-09-09,515050,5G通信ETF,700,1.371,1.367,956.9,-2.8000000000000025,-0.0029175784099197966,TEST
2024-09-11,516150,稀土ETF,200,3.508,3.511,702.2,0.6000000000000227,0.0008551881413911833,TEST
2024-09-12,159732,消费电子ETF,700,1.311,1.312,918.4000000000001,0.7000000000000783,0.0007627765064837089,TEST
2024-09-13,516640,芯片龙头ETF,700,1.405,1.408,985.5999999999999,2.099999999999924,0.002135231316725994,TEST
2024-09-17,159713,稀土产业ETF,700,1.339,1.34,938.0,0.7000000000000783,0.0007468259895444529,TEST
2024-09-19,515880,通信ETF,600,1.489,1.491,894.6,1.200000000000001,0.001343183344526544,TEST
2024-09-23,516510,云计算ETF,400,2.197,2.19,876.0,-2.800000000000047,-0.003186162949476601,TEST
2024-09-24,515050,5G通信ETF,700,1.331,1.324,926.8000000000001,-4.899999999999927,-0.005259203606310936,TEST
2024-09-25,516150,稀土ETF,200,3.395,3.393,678.5999999999999,-0.40000000000004476,-0.000589101620029564,TEST
2024-09-26,159732,消费电子ETF,700,1.293,1.298,908.6,3.500000000000081,0.003866976024748725,TEST
2024-09-27,516510,云计算ETF,400,2.123,2.111,844.4000000000001,-4.800000000000004,-0.005652378709373518,TEST
2024-09-30,515880,通信ETF,700,1.399,1.399,979.3000000000001,0.0,0.0,TEST
2024-10-01,159732,消费电子ETF,700,1.271,1.271,889.6999999999999,0.0,0.0,TEST
2024-10-02,512480,半导体ETF,300,3.154,3.147,944.0999999999999,-2.100000000000035,-0.00221940393151554,TEST
2024-10-04,512480,半导体ETF,300,3.139,3.152,945.6,3.9000000000001034,0.004141446320484299,TEST
2024-10-08,516640,芯片龙头ETF,600,1.473,1.478,886.8,2.999999999999936,0.0033944331296673624,TEST
2024-10-09,159732,消费电子ETF,700,1.317,1.325,927.5,5.600000000000005,0.006074411541381997,TEST
2024-10-11,516640,芯片龙头ETF,600,1.475,1.473,883.8000000000001,-1.200000000000001,-0.0013559322033898091,TEST
2024-10-15,516150,稀土ETF,300,3.175,3.191,957.3,4.800000000000004,0.005039370078740113,TEST
2024-10-17,512480,半导体ETF,300,3.034,3.029,908.6999999999999,-1.499999999999968,-0.001647989452867482,TEST
2024-10-21,516510,云计算ETF,400,2.184,2.189,875.6,1.9999999999999574,0.0022893772893772812,TEST
2024-10-23,515880,通信ETF,700,1.368,1.374,961.8000000000001,4.200000000000004,0.004385964912280604,TEST
2024-10-25,515050,5G通信ETF,700,1.333,1.342,939.4000000000001,6.300000000000083,0.006751687921980665,TEST
2024-10-29,516510,云计算ETF,400,2.19,2.184,873.6,-2.3999999999999133,-0.002739726027397138,TEST
2024-10-31,512480,半导体ETF,300,3.111,3.099,929.7,-3.600000000000003,-0.0038572806171649487,TEST
2024-11-04,159732,消费电子ETF,700,1.336,1.339,937.3,2.099999999999924,0.002245508982035904,TEST
2024-11-05,159732,消费电子ETF,700,1.336,1.356,949.2,14.000000000000012,0.014970059880239583,TEST
2024-11-05,515880,通信ETF,700,1.416,1.417,991.9,0.7000000000000783,0.0007062146892655718,TEST
2024-11-06,159732,消费电子ETF,700,1.336,1.357,949.9,14.699999999999935,0.01571856287425133,TEST
2024-11-07,159732,消费电子ETF,700,1.336,1.34,938.0,2.8000000000000025,0.0029940119760478723,TEST
2024-11-07,159713,稀土产业ETF,800,1.224,1.227,981.6,2.400000000000091,0.002450980392156854,TEST
2024-11-08,159732,消费电子ETF,700,1.336,1.309,916.3,-18.900000000000095,-0.02020958083832347,TEST
2024-11-11,516510,云计算ETF,400,2.093,2.077,830.8,-6.400000000000006,-0.007644529383659782,TEST
2024-11-12,516640,芯片龙头ETF,600,1.463,1.475,885.0,7.200000000000006,0.008202323991797655,TEST
2024-11-13,515050,5G通信ETF,2200,1.308,1.317,2897.4,19.799999999999773,0.006880733944954143,MAIN
2024-11-15,516640,芯片龙头ETF,600,1.441,1.44,864.0,-0.6000000000000671,-0.000693962526023717,TEST
2024-11-19,512480,半导体ETF,300,2.926,2.93,879.0,1.200000000000001,0.0013670539986330166,TEST
2024-11-21,516510,云计算ETF,400,2.128,2.122,848.8,-2.400000000000091,-0.0028195488721806106,TEST
2024-11-25,516510,云计算ETF,400,2.128,2.119,847.6000000000001,-3.599999999999959,-0.004229323308270638,TEST
2024-11-26,515050,5G通信ETF,700,1.304,1.303,912.0999999999999,-0.7000000000000783,-0.0007668711656442229,TEST
2024-11-27,516640,芯片龙头ETF,700,1.425,1.427,998.9,1.4000000000000012,0.00140350877192974,TEST
2024-11-29,512480,半导体ETF,300,2.962,2.962,888.6,0.0,0.0,TEST
2024-12-03,159732,消费电子ETF,700,1.26,1.252,876.4,-5.600000000000005,-0.006349206349206327,TEST
2024-12-05,515050,5G通信ETF,700,1.323,1.323,926.1,0.0,0.0,TEST
2024-12-09,516640,芯片龙头ETF,700,1.378,1.378,964.5999999999999,0.0,0.0,TEST
2024-12-11,516510,云计算ETF,400,2.137,2.127,850.8,-4.000000000000092,-0.004679457182966917,TEST
2024-12-13,516510,云计算ETF,400,2.133,2.139,855.5999999999999,2.3999999999999133,0.002812939521800173,TEST
2024-12-17,515050,5G通信ETF,2200,1.324,1.319,2901.7999999999997,-11.000000000000254,-0.003776435045317328,MAIN
2024-12-19,516510,云计算ETF,400,2.146,2.152,860.8000000000001,2.400000000000091,0.002795899347623587,TEST
2024-12-20,159819,人工智能ETF,600,1.501,1.491,894.6,-5.999999999999872,-0.0066622251832110235,TEST
2024-12-23,159732,消费电子ETF,700,1.336,1.339,937.3,2.099999999999924,0.002245508982035904,TEST
2024-12-24,515050,5G通信ETF,700,1.297,1.293,905.0999999999999,-2.8000000000000025,-0.0030840400925211675,TEST
2024-12-26,515880,通信ETF,2100,1.421,1.437,3017.7000000000003,33.60000000000003,0.011259676284306908,MAIN
2024-12-27,515880,通信ETF,2100,1.421,1.456,3057.6,73.49999999999983,0.02463054187192104,MAIN
2024-12-30,515880,通信ETF,2100,1.421,1.484,3116.4,132.2999999999999,0.044334975369458185,MAIN
2024-12-31,515880,通信ETF,2100,1.421,1.479,3105.9,121.80000000000011,0.04081632653061229,MAIN
2025-01-01,515880,通信ETF,2100,1.421,1.499,3147.9,163.80000000000015,0.05489092188599587,MAIN
2025-01-02,515880,通信ETF,2100,1.421,1.508,3166.8,182.69999999999993,0.061224489795918435,MAIN
2025-01-03,515880,通信ETF,2100,1.421,1.489,3126.9,142.80000000000013,0.04785362420830408,MAIN
2025-01-06,515880,通信ETF,2100,1.421,1.476,3099.6,115.49999999999987,0.03870513722730462,MAIN
2025-01-07,515880,通信ETF,2100,1.421,1.495,3139.5,155.40000000000015,0.0520760028149192,MAIN
2025-01-07,159732,消费电子ETF,2200,1.361,1.356,2983.2000000000003,-10.999999999999766,-0.0036737692872886862,MAIN
2025-01-08,515880,通信ETF,2100,1.421,1.481,3110.1000000000004,126.00000000000011,0.04222378606615074,MAIN
2025-01-08,159732,消费电子ETF,2200,1.361,1.356,2983.2000000000003,-10.999999999999766,-0.0036737692872886862,MAIN
2025-01-09,515880,通信ETF,2100,1.421,1.492,3133.2,149.0999999999999,0.04996481351161153,MAIN
2025-01-09,159732,消费电子ETF,2200,1.361,1.377,3029.4,35.20000000000003,0.011756061719323974,MAIN
2025-01-10,515880,通信ETF,2100,1.421,1.5,3150.0,165.89999999999992,0.05559465165376487,MAIN
2025-01-10,159732,消费电子ETF,2200,1.361,1.379,3033.8,39.60000000000004,0.013225569434239581,MAIN
2025-01-13,515880,通信ETF,2100,1.421,1.504,3158.4,174.29999999999993,0.05840957072484154,MAIN
2025-01-13,159732,消费电子ETF,2200,1.361,1.383,3042.6,48.40000000000004,0.016164584864070575,MAIN
2025-01-14,515880,通信ETF,2100,1.421,1.522,3196.2,212.09999999999997,0.0710767065446869,MAIN
2025-01-14,159732,消费电子ETF,2200,1.361,1.406,3093.2,98.99999999999984,0.03306392358559873,MAIN
2025-01-15,515880,通信ETF,2100,1.421,1.541,3236.1,251.99999999999974,0.08444757213230103,MAIN
2025-01-15,159732,消费电子ETF,2200,1.361,1.42,3124.0,129.79999999999987,0.04335047759000732,MAIN
2025-01-16,515880,通信ETF,2100,1.421,1.569,3294.9,310.7999999999998,0.10415200562983817,MAIN
2025-01-16,159732,消费电子ETF,2200,1.361,1.413,3108.6,114.4000000000001,0.038207200587803136,MAIN
2025-01-17,515880,通信ETF,2100,1.421,1.572,3301.2000000000003,317.1,0.10626319493314562,MAIN
2025-01-17,159732,消费电子ETF,2200,1.361,1.4,3080.0,85.79999999999983,0.028655400440852352,MAIN
2025-01-20,515880,通信ETF,2100,1.421,1.619,3399.9,415.7999999999999,0.1393384940182969,MAIN
2025-01-20,159732,消费电子ETF,2200,1.361,1.407,3095.4,101.20000000000009,0.033798677443056535,MAIN
2025-01-21,515880,通信ETF,2100,1.421,1.617,3395.7,411.5999999999999,0.13793103448275867,MAIN
2025-01-21,159732,消费电子ETF,2200,1.361,1.4,3080.0,85.79999999999983,0.028655400440852352,MAIN
2025-01-22,515880,通信ETF,2100,1.421,1.607,3374.7,390.5999999999999,0.13089373680506688,MAIN
2025-01-22,159732,消费电子ETF,2200,1.361,1.421,3126.2000000000003,132.0000000000001,0.04408523144746512,MAIN
2025-01-23,515880,通信ETF,2100,1.421,1.615,3391.5,407.3999999999999,0.13652357494722023,MAIN
2025-01-23,159732,消费电子ETF,2200,1.361,1.448,3185.6,191.39999999999992,0.06392358559882427,MAIN
2025-01-24,515880,通信ETF,2100,1.421,1.641,3446.1,461.99999999999994,0.15482054890921892,MAIN
2025-01-24,159732,消费电子ETF,2200,1.361,1.413,3108.6,114.4000000000001,0.038207200587803136,MAIN
2025-01-27,515880,通信ETF,2100,1.421,1.66,3486.0,501.89999999999975,0.16819141449683306,MAIN
2025-01-27,159732,消费电子ETF,2200,1.361,1.455,3201.0,206.80000000000018,0.06906686260102868,MAIN
2025-01-28,515880,通信ETF,2100,1.421,1.665,3496.5,512.4,0.17171006333567918,MAIN
2025-01-28,159732,消费电子ETF,2200,1.361,1.444,3176.7999999999997,182.5999999999999,0.06098457016899328,MAIN
2025-01-29,515880,通信ETF,2100,1.421,1.693,3555.3,571.2,0.1914144968332161,MAIN
2025-01-29,159732,消费电子ETF,2200,1.361,1.435,3157.0,162.80000000000015,0.05437178545187371,MAIN
2025-01-30,515880,通信ETF,2100,1.421,1.714,3599.4,615.2999999999998,0.20619282195636868,MAIN
2025-01-30,159732,消费电子ETF,2200,1.361,1.448,3185.6,191.39999999999992,0.06392358559882427,MAIN
2025-01-31,515880,通信ETF,2100,1.421,1.651,3467.1,482.99999999999994,0.16185784658691071,MAIN
2025-01-31,159732,消费电子ETF,2200,1.361,1.463,3218.6000000000004,224.4000000000002,0.07494489346069066,MAIN
2025-02-03,515880,通信ETF,2100,1.421,1.661,3488.1,504.0,0.16889514426460228,MAIN
2025-02-03,159732,消费电子ETF,2200,1.361,1.452,3194.4,200.19999999999993,0.06686260102865549,MAIN
2025-02-04,515880,通信ETF,2100,1.421,1.678,3523.7999999999997,539.6999999999998,0.1808585503166784,MAIN
2025-02-04,159732,消费电子ETF,2200,1.361,1.454,3198.7999999999997,204.59999999999994,0.06833210874357087,MAIN
2025-02-05,515880,通信ETF,2100,1.421,1.678,3523.7999999999997,539.6999999999998,0.1808585503166784,MAIN
2025-02-05,159732,消费电子ETF,2200,1.361,1.455,3201.0,206.80000000000018,0.06906686260102868,MAIN
2025-02-06,515880,通信ETF,2100,1.421,1.662,3490.2,506.09999999999974,0.1695988740323715,MAIN
2025-02-06,159732,消费电子ETF,2200,1.361,1.446,3181.2,186.99999999999991,0.06245407788390889,MAIN
2025-02-07,515880,通信ETF,2100,1.421,1.628,3418.7999999999997,434.6999999999997,0.14567206192821947,MAIN
2025-02-07,159732,消费电子ETF,2200,1.361,1.455,3201.0,206.80000000000018,0.06906686260102868,MAIN
2025-02-10,515880,通信ETF,2100,1.421,1.631,3425.1,440.99999999999994,0.14778325123152714,MAIN
2025-02-10,159732,消费电子ETF,2200,1.361,1.425,3135.0,140.80000000000013,0.047024246877296116,MAIN
2025-02-12,515880,通信ETF,1200,1.604,1.609,1930.8,5.999999999999872,0.0031172069825435855,MAIN
2025-02-13,159995,芯片ETF,2900,1.021,1.017,2949.2999999999997,-11.60000000000001,-0.003917727717923647,MAIN
2025-02-17,159732,消费电子ETF,1400,1.397,1.396,1954.3999999999999,-1.4000000000001567,-0.0007158196134574579,MAIN
2025-02-18,159819,人工智能ETF,1800,1.589,1.587,2856.6,-3.600000000000003,-0.0012586532410321372,MAIN
2025-02-19,159819,人工智能ETF,1800,1.589,1.6,2880.0,19.800000000000217,0.006922592825676643,MAIN
2025-02-19,159732,消费电子ETF,1400,1.405,1.415,1981.0,14.000000000000012,0.007117437722419906,MAIN
2025-02-20,159819,人工智能ETF,1800,1.589,1.622,2919.6000000000004,59.400000000000254,0.020767778477029708,MAIN
2025-02-21,159819,人工智能ETF,1800,1.589,1.65,2970.0,109.7999999999999,0.03838892385147896,MAIN
2025-02-21,159995,芯片ETF,2700,1.111,1.108,2991.6000000000004,-8.099999999999707,-0.0027002700270025715,MAIN
2025-02-24,159819,人工智能ETF,1800,1.589,1.639,2950.2,90.00000000000009,0.03146633102580232,MAIN
2025-02-24,159995,芯片ETF,2700,1.111,1.113,3005.1,5.400000000000005,0.0018001800180018623,MAIN
2025-02-25,159819,人工智能ETF,1800,1.589,1.638,2948.3999999999996,88.19999999999987,0.03083700440528636,MAIN
2025-02-25,159995,芯片ETF,2700,1.111,1.122,3029.4,29.700000000000326,0.00990099009900991,MAIN
2025-02-26,159819,人工智能ETF,1800,1.589,1.64,2952.0,91.79999999999988,0.0320956576463185,MAIN
2025-02-26,159995,芯片ETF,2700,1.111,1.129,3048.3,48.600000000000044,0.016201620162016317,MAIN
2025-02-27,159819,人工智能ETF,1800,1.589,1.657,2982.6,122.4000000000001,0.04279421019509133,MAIN
2025-02-27,159995,芯片ETF,2700,1.111,1.126,3040.2,40.49999999999974,0.013501350135013412,MAIN
2025-02-28,159819,人工智能ETF,1800,1.589,1.66,2988.0,127.79999999999991,0.044682190056639426,MAIN
2025-02-28,159995,芯片ETF,2700,1.111,1.127,3042.9,43.20000000000004,0.014401440144014455,MAIN
2025-03-03,159819,人工智能ETF,1800,1.589,1.668,3002.4,142.19999999999993,0.04971680302076775,MAIN
2025-03-03,159995,芯片ETF,2700,1.111,1.116,3013.2000000000003,13.500000000000313,0.004500450045004545,MAIN
2025-03-04,159819,人工智能ETF,1800,1.589,1.683,3029.4,169.20000000000016,0.05915670232850845,MAIN
2025-03-04,159995,芯片ETF,2700,1.111,1.133,3059.1,59.400000000000055,0.01980198019801982,MAIN
2025-03-05,159819,人工智能ETF,1800,1.589,1.707,3072.6,212.40000000000018,0.07426054122089365,MAIN
2025-03-05,159995,芯片ETF,2700,1.111,1.146,3094.2,94.49999999999979,0.03150315031503137,MAIN
2025-03-06,159819,人工智能ETF,1800,1.589,1.736,3124.8,264.6,0.09251101321585908,MAIN
2025-03-06,159995,芯片ETF,2700,1.111,1.141,3080.7,81.00000000000007,0.027002700270027047,MAIN
2025-03-07,159819,人工智能ETF,1800,1.589,1.731,3115.8,255.60000000000022,0.08936438011327885,MAIN
2025-03-07,159995,芯片ETF,2700,1.111,1.13,3050.9999999999995,51.29999999999975,0.017101710171016915,MAIN
2025-03-10,159819,人工智能ETF,1800,1.589,1.742,3135.6,275.40000000000003,0.09628697293895527,MAIN
2025-03-10,159995,芯片ETF,2700,1.111,1.124,3034.8,35.10000000000033,0.011701170117011772,MAIN
2025-03-11,159819,人工智能ETF,1800,1.589,1.744,3139.2,279.00000000000006,0.09754562617998741,MAIN
2025-03-11,159995,芯片ETF,2700,1.111,1.128,3045.6,45.89999999999974,0.015301530153015275,MAIN
2025-03-12,159819,人工智能ETF,1800,1.589,1.74,3132.0,271.80000000000007,0.09502831969792314,MAIN
2025-03-12,159995,芯片ETF,2700,1.111,1.136,3067.2,67.49999999999976,0.022502250225022502,MAIN
2025-03-13,159819,人工智能ETF,1800,1.589,1.722,3099.6,239.4,0.08370044052863435,MAIN
2025-03-13,159995,芯片ETF,2700,1.111,1.139,3075.3,75.60000000000007,0.025202520252025185,MAIN
2025-03-14,159819,人工智能ETF,1800,1.589,1.72,3096.0,235.8,0.08244178728760221,MAIN
2025-03-14,159995,芯片ETF,2700,1.111,1.159,3129.3,129.6000000000001,0.04320432043204314,MAIN
2025-03-17,159819,人工智能ETF,1800,1.589,1.721,3097.8,237.60000000000022,0.08307111390811839,MAIN
2025-03-17,159995,芯片ETF,2700,1.111,1.149,3102.3,102.6000000000001,0.034203420342034274,MAIN
2025-03-18,159819,人工智能ETF,1800,1.589,1.768,3182.4,322.2000000000001,0.11264946507237261,MAIN
2025-03-18,159995,芯片ETF,2700,1.111,1.169,3156.3,156.60000000000014,0.05220522052205223,MAIN
2025-03-19,159819,人工智能ETF,1800,1.589,1.785,3213.0,352.7999999999999,0.12334801762114544,MAIN
2025-03-19,159995,芯片ETF,2700,1.111,1.16,3132.0,132.2999999999998,0.04410441044104396,MAIN
2025-03-20,159819,人工智能ETF,1800,1.589,1.795,3231.0,370.79999999999995,0.1296412838263059,MAIN
2025-03-20,159995,芯片ETF,2700,1.111,1.17,3159.0,159.29999999999984,0.05310531053105305,MAIN
2025-03-21,159819,人工智能ETF,1800,1.589,1.821,3277.7999999999997,417.59999999999997,0.14600377595972303,MAIN
2025-03-21,159995,芯片ETF,2700,1.111,1.17,3159.0,159.29999999999984,0.05310531053105305,MAIN
2025-03-24,159819,人工智能ETF,1800,1.589,1.83,3294.0,433.8000000000002,0.15166771554436753,MAIN
2025-03-24,159995,芯片ETF,2700,1.111,1.151,3107.7000000000003,108.0000000000001,0.036003600360036137,MAIN
2025-03-25,159819,人工智能ETF,1800,1.589,1.806,3250.8,390.60000000000014,0.13656387665198233,MAIN
2025-03-25,159995,芯片ETF,2700,1.111,1.144,3088.7999999999997,89.09999999999978,0.02970297029702973,MAIN
2025-03-26,159819,人工智能ETF,1800,1.589,1.808,3254.4,394.20000000000016,0.13782252989301447,MAIN
2025-03-26,159995,芯片ETF,2700,1.111,1.123,3032.1,32.40000000000003,0.01080108010801073,MAIN
2025-03-27,159819,人工智能ETF,1800,1.589,1.803,3245.4,385.19999999999993,0.13467589679043424,MAIN
2025-03-28,159819,人工智能ETF,1800,1.589,1.819,3274.2,413.99999999999994,0.1447451227186909,MAIN
2025-03-28,516640,芯片龙头ETF,2000,1.476,1.477,2954.0,2.000000000000224,0.0006775067750677266,MAIN
2025-03-31,159819,人工智能ETF,1800,1.589,1.811,3259.7999999999997,399.59999999999997,0.13971050975456256,MAIN
2025-03-31,516640,芯片龙头ETF,2000,1.476,1.49,2980.0,28.000000000000025,0.009485094850948617,MAIN
2025-04-01,159819,人工智能ETF,1800,1.589,1.797,3234.6,374.3999999999999,0.13089993706733782,MAIN
2025-04-01,516640,芯片龙头ETF,2000,1.476,1.459,2918.0,-33.99999999999981,-0.011517615176151685,MAIN
2025-04-02,159819,人工智能ETF,1800,1.589,1.81,3258.0,397.8000000000002,0.1390811831340466,MAIN
2025-04-02,516640,芯片龙头ETF,2000,1.476,1.452,2904.0,-48.00000000000004,-0.016260162601625994,MAIN
2025-04-03,159819,人工智能ETF,1800,1.589,1.799,3238.2,377.99999999999994,0.13215859030836996,MAIN
2025-04-03,516640,芯片龙头ETF,2000,1.476,1.493,2986.0,34.000000000000256,0.011517615176151796,MAIN
2025-04-04,159819,人工智能ETF,1800,1.589,1.803,3245.4,385.19999999999993,0.13467589679043424,MAIN
2025-04-04,516640,芯片龙头ETF,2000,1.476,1.489,2978.0,26.000000000000245,0.00880758807588089,MAIN
2025-04-07,159819,人工智能ETF,1800,1.589,1.802,3243.6,383.40000000000015,0.13404657016991828,MAIN
2025-04-07,516640,芯片龙头ETF,2000,1.476,1.488,2976.0,24.00000000000002,0.008130081300812941,MAIN
2025-04-08,159819,人工智能ETF,1800,1.589,1.797,3234.6,374.3999999999999,0.13089993706733782,MAIN
2025-04-08,516640,芯片龙头ETF,2000,1.476,1.487,2974.0,22.00000000000024,0.007452574525745437,MAIN
2025-04-09,159819,人工智能ETF,1800,1.589,1.764,3175.2,315.00000000000006,0.11013215859030834,MAIN
2025-04-09,516640,芯片龙头ETF,2000,1.476,1.489,2978.0,26.000000000000245,0.00880758807588089,MAIN
2025-04-10,516640,芯片龙头ETF,2000,1.476,1.479,2958.0,6.000000000000227,0.002032520325203402,MAIN
2025-04-11,516640,芯片龙头ETF,2000,1.476,1.473,2946.0,-5.999999999999783,-0.00203252032520318,MAIN
2025-04-11,159732,消费电子ETF,1800,1.616,1.61,2898.0,-10.80000000000001,-0.003712871287128716,MAIN
2025-04-14,516640,芯片龙头ETF,2000,1.476,1.477,2954.0,2.000000000000224,0.0006775067750677266,MAIN
2025-04-14,159732,消费电子ETF,1800,1.616,1.613,2903.4,-5.400000000000205,-0.0018564356435644136,MAIN
2025-04-15,516640,芯片龙头ETF,2000,1.476,1.433,2866.0,-85.99999999999986,-0.029132791327913243,MAIN
2025-04-15,159732,消费电子ETF,1800,1.616,1.623,2921.4,12.599999999999811,0.004331683168316669,MAIN
2025-04-16,159732,消费电子ETF,1800,1.616,1.598,2876.4,-32.40000000000003,-0.011138613861386149,MAIN
2025-04-17,159732,消费电子ETF,1800,1.616,1.609,2896.2,-12.600000000000211,-0.004331683168316891,MAIN
2025-04-17,588200,科创芯片ETF,3700,0.801,0.801,2963.7000000000003,0.0,0.0,MAIN
2025-04-18,159732,消费电子ETF,1800,1.616,1.617,2910.6,1.7999999999998018,0.0006188118811880639,MAIN
2025-04-18,588200,科创芯片ETF,3700,0.801,0.807,2985.9,22.20000000000002,0.0074906367041198685,MAIN
2025-04-21,159732,消费电子ETF,1800,1.616,1.629,2932.2,23.39999999999982,0.008044554455445496,MAIN
2025-04-21,588200,科创芯片ETF,3700,0.801,0.821,3037.7,73.99999999999966,0.024968789013732673,MAIN
2025-04-22,159732,消费电子ETF,1800,1.616,1.616,2908.8,0.0,0.0,MAIN
2025-04-22,588200,科创芯片ETF,3700,0.801,0.812,3004.4,40.70000000000004,0.013732833957553092,MAIN
2025-04-23,159732,消费电子ETF,1800,1.616,1.591,2863.7999999999997,-45.00000000000024,-0.01547029702970304,MAIN
2025-04-23,588200,科创芯片ETF,3700,0.801,0.829,3067.2999999999997,103.59999999999968,0.03495630461922583,MAIN
2025-04-24,588200,科创芯片ETF,3700,0.801,0.833,3082.1,118.3999999999997,0.03995006242197241,MAIN
2025-04-25,588200,科创芯片ETF,3700,0.801,0.822,3041.3999999999996,77.69999999999966,0.026217228464419318,MAIN
2025-04-25,515260,电子ETF,3100,0.949,0.946,2932.6,-9.300000000000008,-0.0031612223393044925,MAIN
2025-04-28,588200,科创芯片ETF,3700,0.801,0.812,3004.4,40.70000000000004,0.013732833957553092,MAIN
2025-04-28,515260,电子ETF,3100,0.949,0.948,2938.7999999999997,-3.1000000000000028,-0.0010537407797681642,MAIN
2025-04-29,588200,科创芯片ETF,3700,0.801,0.815,3015.5,51.799999999999635,0.017478152309612804,MAIN
2025-04-29,515260,电子ETF,3100,0.949,0.938,2907.7999999999997,-34.10000000000003,-0.011591148577449917,MAIN
2025-04-30,588200,科创芯片ETF,3700,0.801,0.829,3067.2999999999997,103.59999999999968,0.03495630461922583,MAIN
2025-04-30,515260,电子ETF,3100,0.949,0.941,2917.1,-24.800000000000022,-0.008429926238145424,MAIN
2025-05-01,588200,科创芯片ETF,3700,0.801,0.818,3026.6,62.89999999999964,0.02122347066167274,MAIN
2025-05-01,515260,电子ETF,3100,0.949,0.955,2960.5,18.600000000000016,0.006322444678608985,MAIN
2025-05-02,588200,科创芯片ETF,3700,0.801,0.809,2993.3,29.600000000000026,0.009987515605493158,MAIN
2025-05-02,515260,电子ETF,3100,0.949,0.963,2985.2999999999997,43.40000000000004,0.01475237091675452,MAIN
2025-05-05,588200,科创芯片ETF,3700,0.801,0.802,2967.4,3.7000000000000033,0.0012484394506866447,MAIN
2025-05-05,515260,电子ETF,3100,0.949,0.975,3022.5,80.60000000000007,0.027397260273972712,MAIN
2025-05-06,515260,电子ETF,3100,0.949,0.96,2976.0,34.10000000000003,0.011591148577450028,MAIN
2025-05-07,515260,电子ETF,3100,0.949,0.944,2926.3999999999996,-15.500000000000014,-0.005268703898840932,MAIN
2025-05-07,159713,稀土产业ETF,2000,1.444,1.444,2888.0,0.0,0.0,MAIN
2025-05-08,515260,电子ETF,3100,0.949,0.944,2926.3999999999996,-15.500000000000014,-0.005268703898840932,MAIN
2025-05-08,159713,稀土产业ETF,2000,1.444,1.476,2952.0,64.00000000000006,0.02216066481994461,MAIN
2025-05-09,515260,电子ETF,3100,0.949,0.938,2907.7999999999997,-34.10000000000003,-0.011591148577449917,MAIN
2025-05-09,159713,稀土产业ETF,2000,1.444,1.483,2966.0,78.00000000000028,0.0270083102493075,MAIN
2025-05-12,159713,稀土产业ETF,2000,1.444,1.477,2954.0,66.00000000000028,0.022853185595568037,MAIN
2025-05-13,159713,稀土产业ETF,2000,1.444,1.493,2986.0,98.00000000000031,0.03393351800554023,MAIN
2025-05-13,515260,电子ETF,2100,0.949,0.95,1995.0,2.100000000000002,0.0010537407797681642,MAIN
2025-05-14,159713,稀土产业ETF,2000,1.444,1.495,2990.0,102.00000000000031,0.035318559556786866,MAIN
2025-05-14,515260,电子ETF,2100,0.949,0.961,2018.1,25.200000000000024,0.012644889357218192,MAIN
2025-05-15,159713,稀土产业ETF,2000,1.444,1.483,2966.0,78.00000000000028,0.0270083102493075,MAIN
2025-05-15,515260,电子ETF,2100,0.949,0.975,2047.5,54.60000000000005,0.027397260273972712,MAIN
2025-05-16,159713,稀土产业ETF,2000,1.444,1.495,2990.0,102.00000000000031,0.035318559556786866,MAIN
2025-05-16,515260,电子ETF,2100,0.949,0.987,2072.7,79.80000000000007,0.04004214963119068,MAIN
2025-05-19,159713,稀土产业ETF,2000,1.444,1.495,2990.0,102.00000000000031,0.035318559556786866,MAIN
2025-05-19,515260,电子ETF,2100,0.949,0.955,2005.5,12.600000000000012,0.006322444678608985,MAIN
2025-05-20,159713,稀土产业ETF,2000,1.444,1.498,2996.0,108.0000000000001,0.037396121883656486,MAIN
2025-05-20,515260,电子ETF,2100,0.949,0.938,1969.8,-23.10000000000002,-0.011591148577449917,MAIN
2025-05-21,159713,稀土产业ETF,2000,1.444,1.509,3018.0,129.9999999999999,0.045013850415512424,MAIN
2025-05-22,159713,稀土产业ETF,2000,1.444,1.488,2976.0,88.00000000000009,0.030470914127423754,MAIN
2025-05-22,516640,芯片龙头ETF,600,1.529,1.522,913.2,-4.199999999999937,-0.004578155657292249,TEST
2025-05-23,159713,稀土产业ETF,2000,1.444,1.506,3012.0,124.00000000000011,0.042936288088642804,MAIN
2025-05-23,516640,芯片龙头ETF,600,1.529,1.535,921.0,3.600000000000003,0.003924133420536213,TEST
2025-05-26,159713,稀土产业ETF,2000,1.444,1.532,3064.0,176.00000000000017,0.06094182825484773,MAIN
2025-05-26,516640,芯片龙头ETF,600,1.529,1.545,927.0,9.600000000000009,0.01046435578809679,TEST
2025-05-27,159713,稀土产业ETF,2000,1.444,1.558,3116.0,228.0000000000002,0.07894736842105265,MAIN
2025-05-27,516640,芯片龙头ETF,600,1.529,1.542,925.2,7.8000000000000735,0.008502289077828795,TEST
2025-05-28,159713,稀土产业ETF,2000,1.444,1.484,2968.0,80.00000000000007,0.027700831024930705,MAIN
2025-05-28,516640,芯片龙头ETF,600,1.529,1.572,943.2,25.80000000000009,0.028122956180510306,TEST
2025-05-29,159713,稀土产业ETF,2000,1.444,1.482,2964.0,76.00000000000007,0.026315789473684292,MAIN
2025-05-29,516640,芯片龙头ETF,600,1.529,1.572,943.2,25.80000000000009,0.028122956180510306,TEST
2025-05-30,516640,芯片龙头ETF,600,1.529,1.57,942.0,24.600000000000087,0.026814911706998235,TEST
2025-06-02,516640,芯片龙头ETF,600,1.529,1.555,933.0,15.600000000000014,0.01700457815565737,TEST
2025-06-02,159995,芯片ETF,700,1.338,1.336,935.2,-1.4000000000000012,-0.001494768310911776,TEST
2025-06-03,516640,芯片龙头ETF,600,1.529,1.57,942.0,24.600000000000087,0.026814911706998235,TEST
2025-06-03,159995,芯片ETF,700,1.338,1.336,935.2,-1.4000000000000012,-0.001494768310911776,TEST
2025-06-04,516640,芯片龙头ETF,600,1.529,1.547,928.1999999999999,10.80000000000001,0.011772400261608862,TEST
2025-06-04,159995,芯片ETF,700,1.338,1.317,921.9,-14.700000000000092,-0.015695067264574036,TEST
2025-06-05,516640,芯片龙头ETF,600,1.529,1.544,926.4,9.000000000000075,0.009810333551340866,TEST
2025-06-05,159995,芯片ETF,700,1.338,1.292,904.4,-32.20000000000003,-0.034379671150971625,TEST
2025-06-06,516640,芯片龙头ETF,600,1.529,1.552,931.2,13.800000000000079,0.01504251144538915,TEST
2025-06-06,159995,芯片ETF,700,1.338,1.312,918.4000000000001,-18.200000000000017,-0.019431988041853532,TEST
2025-06-09,516640,芯片龙头ETF,600,1.529,1.561,936.5999999999999,19.200000000000017,0.02092871157619358,TEST
2025-06-09,159995,芯片ETF,700,1.338,1.322,925.4000000000001,-11.20000000000001,-0.01195814648729443,TEST
2025-06-10,516640,芯片龙头ETF,600,1.529,1.553,931.8,14.400000000000013,0.015696533682145297,TEST
2025-06-10,159995,芯片ETF,700,1.338,1.328,929.6,-7.000000000000006,-0.007473841554559102,TEST
2025-06-11,516640,芯片龙头ETF,600,1.529,1.534,920.4,3.0000000000000693,0.0032701111837802888,TEST
2025-06-11,159995,芯片ETF,700,1.338,1.327,928.9,-7.7000000000000846,-0.008221225710015045,TEST
2025-06-12,159995,芯片ETF,700,1.338,1.349,944.3,7.699999999999929,0.008221225710014934,TEST
2025-06-13,159995,芯片ETF,700,1.338,1.337,935.9,-0.7000000000000783,-0.0007473841554559435,TEST
2025-06-16,159995,芯片ETF,700,1.338,1.356,949.2,12.600000000000012,0.013452914798206317,TEST
2025-06-16,515880,通信ETF,500,1.981,1.977,988.5,-2.0000000000000018,-0.002019182231196348,TEST
2025-06-17,159995,芯片ETF,700,1.338,1.36,952.0000000000001,15.400000000000013,0.01644245142002987,TEST
2025-06-17,515880,通信ETF,500,1.981,1.96,980.0,-10.500000000000064,-0.010600706713780994,TEST
2025-06-18,159995,芯片ETF,700,1.338,1.361,952.7,16.099999999999937,0.017189835575485812,TEST
2025-06-18,515880,通信ETF,500,1.981,1.952,976.0,-14.500000000000068,-0.01463907117617369,TEST
2025-06-19,159995,芯片ETF,700,1.338,1.365,955.5,18.899999999999938,0.020179372197309364,TEST
2025-06-19,515880,通信ETF,500,1.981,1.941,970.5,-20.000000000000018,-0.020191822311963703,TEST
2025-06-20,159995,芯片ETF,700,1.338,1.388,971.5999999999999,34.99999999999987,0.03736920777279518,TEST
2025-06-23,159995,芯片ETF,700,1.338,1.35,945.0000000000001,8.400000000000007,0.008968609865470878,TEST
2025-06-23,159713,稀土产业ETF,600,1.485,1.484,890.4,-0.6000000000000671,-0.0006734006734007147,TEST
2025-06-24,159995,芯片ETF,700,1.338,1.382,967.4,30.799999999999873,0.03288490284005974,TEST
2025-06-25,159995,芯片ETF,700,1.338,1.383,968.1,31.49999999999995,0.03363228699551568,TEST
2025-06-26,159995,芯片ETF,700,1.338,1.387,970.9,34.299999999999955,0.03662182361733923,TEST
2025-06-26,515260,电子ETF,3000,0.996,0.995,2985.0,-3.0000000000000027,-0.0010040160642570406,MAIN
2025-06-27,159995,芯片ETF,700,1.338,1.393,975.1,38.49999999999996,0.04110612855007467,TEST
2025-06-27,515260,电子ETF,3000,0.996,1.007,3020.9999999999995,32.999999999999694,0.011044176706827225,MAIN
2025-06-30,159995,芯片ETF,700,1.338,1.383,968.1,31.49999999999995,0.03363228699551568,TEST
2025-06-30,515260,电子ETF,3000,0.996,1.024,3072.0,84.00000000000007,0.028112449799196915,MAIN
2025-07-01,159995,芯片ETF,700,1.338,1.374,961.8000000000001,25.200000000000024,0.026905829596412634,TEST
2025-07-01,515260,电子ETF,3000,0.996,1.007,3020.9999999999995,32.999999999999694,0.011044176706827225,MAIN
2025-07-02,159995,芯片ETF,700,1.338,1.404,982.8,46.19999999999989,0.049327354260089606,TEST
2025-07-02,515260,电子ETF,3000,0.996,0.997,2991.0,3.0000000000000027,0.0010040160642570406,MAIN
2025-07-03,159995,芯片ETF,700,1.338,1.399,979.3000000000001,42.69999999999996,0.04559043348281011,TEST
2025-07-03,515260,电子ETF,3000,0.996,0.988,2964.0,-24.00000000000002,-0.008032128514056214,MAIN
2025-07-04,159995,芯片ETF,700,1.338,1.432,1002.4,65.7999999999999,0.07025411061285491,TEST
2025-07-04,515260,电子ETF,3000,0.996,0.977,2931.0,-57.00000000000005,-0.01907630522088355,MAIN
2025-07-07,159995,芯片ETF,700,1.338,1.431,1001.7,65.09999999999998,0.06950672645739897,TEST
2025-07-07,515260,电子ETF,3000,0.996,0.981,2943.0,-45.00000000000004,-0.015060240963855387,MAIN
2025-07-08,159995,芯片ETF,700,1.338,1.459,1021.3000000000001,84.7,0.0904334828101645,TEST
2025-07-08,515260,电子ETF,3000,0.996,0.978,2934.0,-54.00000000000005,-0.01807228915662651,MAIN
2025-07-09,159995,芯片ETF,700,1.338,1.44,1008.0,71.3999999999999,0.07623318385650224,TEST
2025-07-09,515260,电子ETF,3000,0.996,0.976,2928.0,-60.00000000000006,-0.02008032128514059,MAIN
2025-07-10,159995,芯片ETF,700,1.338,1.447,1012.9000000000001,76.29999999999998,0.08146487294469362,TEST
2025-07-10,515260,电子ETF,3000,0.996,0.966,2898.0,-90.00000000000009,-0.030120481927710885,MAIN
2025-07-11,159995,芯片ETF,700,1.338,1.448,1013.6,76.99999999999991,0.08221225710014934,TEST
2025-07-14,159995,芯片ETF,700,1.338,1.416,991.1999999999999,54.599999999999895,0.058295964125560484,TEST
2025-07-14,515880,通信ETF,1400,2.131,2.124,2973.6000000000004,-9.799999999999542,-0.003284842796808851,MAIN
2025-07-15,159995,芯片ETF,700,1.338,1.405,983.5,46.89999999999996,0.05007473841554555,TEST
2025-07-15,515880,通信ETF,1400,2.131,2.136,2990.4,7.0000000000004725,0.002346316283435179,MAIN
2025-07-16,159995,芯片ETF,700,1.338,1.404,982.8,46.19999999999989,0.049327354260089606,TEST
2025-07-16,515880,通信ETF,1400,2.131,2.114,2959.6,-23.799999999999866,-0.007977475363678987,MAIN
2025-07-17,515880,通信ETF,1400,2.131,2.106,2948.3999999999996,-34.99999999999987,-0.011731581417175008,MAIN
2025-07-18,515880,通信ETF,1400,2.131,2.093,2930.2,-53.19999999999973,-0.017832003754105985,MAIN
2025-07-18,159995,芯片ETF,2100,1.418,1.422,2986.2,8.400000000000007,0.0028208744710860323,MAIN
2025-07-21,515880,通信ETF,1400,2.131,2.086,2920.3999999999996,-62.9999999999999,-0.021116846550915058,MAIN
2025-07-21,159995,芯片ETF,2100,1.418,1.431,3005.1,27.300000000000257,0.009167842031029716,MAIN
2025-07-22,515880,通信ETF,1400,2.131,2.099,2938.6000000000004,-44.799999999999415,-0.015016424213983859,MAIN
2025-07-22,159995,芯片ETF,2100,1.418,1.418,2977.7999999999997,0.0,0.0,MAIN
2025-07-23,515880,通信ETF,1400,2.131,2.118,2965.2,-18.19999999999986,-0.006100422336930977,MAIN
2025-07-23,159995,芯片ETF,2100,1.418,1.407,2954.7000000000003,-23.09999999999979,-0.007757404795486478,MAIN
2025-07-24,515880,通信ETF,1400,2.131,2.148,3007.2000000000003,23.800000000000487,0.00797747536367921,MAIN
2025-07-25,515880,通信ETF,1400,2.131,2.129,2980.6,-2.7999999999996916,-0.000938526513373894,MAIN
2025-07-28,515880,通信ETF,1400,2.131,2.173,3042.2000000000003,58.80000000000037,0.019709056780854217,MAIN
2025-07-29,515880,通信ETF,1400,2.131,2.155,3016.9999999999995,33.60000000000003,0.01126231816048806,MAIN
2025-07-30,515880,通信ETF,1400,2.131,2.155,3016.9999999999995,33.60000000000003,0.01126231816048806,MAIN
2025-07-31,515880,通信ETF,1400,2.131,2.119,2966.6000000000004,-16.799999999999393,-0.005631159080243808,MAIN
2025-08-01,515880,通信ETF,1400,2.131,2.103,2944.2000000000003,-39.19999999999941,-0.013139371187235849,MAIN
2025-08-01,516150,稀土ETF,1100,2.701,2.706,2976.6,5.499999999999883,0.001851166234727808,MAIN
2025-08-04,516150,稀土ETF,1100,2.701,2.707,2977.7,6.599999999999762,0.002221399481673325,MAIN
2025-08-05,516150,稀土ETF,1100,2.701,2.671,2938.1,-33.00000000000027,-0.011106997408367403,MAIN
2025-08-05,159819,人工智能ETF,400,2.0,1.997,798.8000000000001,-1.1999999999999567,-0.0014999999999999458,TEST
2025-08-06,516150,稀土ETF,1100,2.701,2.611,2872.1000000000004,-98.99999999999984,-0.033320992225101764,MAIN
2025-08-06,159819,人工智能ETF,400,2.0,2.009,803.5999999999999,3.599999999999959,0.0044999999999999485,TEST
2025-08-07,516150,稀土ETF,1100,2.701,2.627,2889.7,-81.40000000000032,-0.027397260273972712,MAIN
2025-08-07,159819,人工智能ETF,400,2.0,1.963,785.2,-14.799999999999969,-0.01849999999999996,TEST
2025-08-11,515260,电子ETF,1000,0.996,0.993,993.0,-3.0000000000000027,-0.003012048192771122,TEST
2025-08-12,515260,电子ETF,1000,0.996,1.001,1000.9999999999999,4.999999999999893,0.005020080321284981,TEST
2025-08-12,159732,消费电子ETF,500,1.77,1.76,880.0,-5.000000000000004,-0.005649717514124353,TEST
2025-08-13,515260,电子ETF,1000,0.996,0.981,981.0,-15.000000000000014,-0.015060240963855387,TEST
2025-08-14,515260,电子ETF,1000,0.996,0.966,966.0,-30.00000000000003,-0.030120481927710885,TEST
2025-08-14,516640,芯片龙头ETF,600,1.604,1.598,958.8000000000001,-3.600000000000003,-0.0037406483790524137,TEST
2025-08-15,516640,芯片龙头ETF,600,1.604,1.584,950.4000000000001,-12.00000000000001,-0.012468827930174564,TEST
2025-08-18,516640,芯片龙头ETF,600,1.604,1.603,961.8,-0.6000000000000671,-0.0006234413965088281,TEST
2025-08-18,159732,消费电子ETF,500,1.727,1.727,863.5,0.0,0.0,TEST
2025-08-19,516640,芯片龙头ETF,600,1.604,1.578,946.8000000000001,-15.600000000000014,-0.016209476309226978,TEST
2025-08-20,516640,芯片龙头ETF,600,1.604,1.582,949.2,-13.200000000000012,-0.013715710723191998,TEST
2025-08-20,515050,5G通信ETF,600,1.623,1.624,974.4000000000001,0.6000000000000671,0.0006161429451634337,TEST
2025-08-21,516640,芯片龙头ETF,600,1.604,1.571,942.6,-19.800000000000082,-0.02057356608478811,TEST
2025-08-21,515050,5G通信ETF,600,1.623,1.628,976.8,2.999999999999936,0.0030807147258162804,TEST
2025-08-22,515050,5G通信ETF,600,1.623,1.632,979.1999999999999,5.399999999999938,0.005545286506469349,TEST
2025-08-25,515050,5G通信ETF,600,1.623,1.678,1006.8,32.999999999999964,0.033887861983980194,TEST
2025-08-25,512480,半导体ETF,300,2.596,2.591,777.3000000000001,-1.499999999999968,-0.0019260400616332163,TEST
2025-08-26,515050,5G通信ETF,600,1.623,1.712,1027.2,53.39999999999998,0.05483672211953161,TEST
2025-08-27,515050,5G通信ETF,600,1.623,1.693,1015.8000000000001,42.000000000000036,0.04313000616142948,TEST
2025-08-28,515050,5G通信ETF,600,1.623,1.679,1007.4,33.60000000000003,0.03450400492914363,TEST
2025-08-28,515880,通信ETF,400,2.238,2.248,899.2,4.000000000000092,0.0044682752457552155,TEST
2025-08-29,515050,5G通信ETF,600,1.623,1.67,1002.0,28.19999999999996,0.028958718422674057,TEST
2025-08-29,515880,通信ETF,400,2.238,2.218,887.2,-8.000000000000007,-0.00893655049151032,TEST
2025-09-01,515050,5G通信ETF,600,1.623,1.661,996.6,22.80000000000002,0.023413431916204486,TEST
2025-09-01,515880,通信ETF,400,2.238,2.233,893.2,-1.9999999999999574,-0.0022341376228774967,TEST
2025-09-02,515050,5G通信ETF,600,1.623,1.654,992.4,18.59999999999995,0.01910043130006156,TEST
2025-09-02,515880,通信ETF,400,2.238,2.227,890.8,-4.400000000000048,-0.004915102770330693,TEST
2025-09-03,515050,5G通信ETF,600,1.623,1.655,993.0,19.200000000000017,0.019716574245224994,TEST
2025-09-03,515880,通信ETF,400,2.238,2.283,913.1999999999999,17.99999999999997,0.020107238605898026,TEST
2025-09-04,515050,5G通信ETF,600,1.623,1.644,986.4,12.599999999999945,0.012939001848428777,TEST
2025-09-04,515880,通信ETF,400,2.238,2.332,932.8,37.599999999999945,0.04200178731009818,TEST
2025-09-05,515050,5G通信ETF,600,1.623,1.613,967.8,-6.000000000000005,-0.006161429451632783,TEST
2025-09-05,515880,通信ETF,400,2.238,2.317,926.8000000000001,31.600000000000072,0.03529937444146558,TEST
2025-09-08,515880,通信ETF,400,2.238,2.327,930.8,35.59999999999999,0.039767649687220796,TEST
2025-09-09,515880,通信ETF,400,2.238,2.298,919.2,24.00000000000002,0.02680965147453085,TEST
2025-09-09,159713,稀土产业ETF,1800,1.612,1.626,2926.7999999999997,25.199999999999623,0.008684863523573005,MAIN
2025-09-10,515880,通信ETF,400,2.238,2.344,937.5999999999999,42.39999999999995,0.04736371760500435,TEST
2025-09-10,159713,稀土产业ETF,1800,1.612,1.642,2955.6,53.999999999999645,0.018610421836228186,MAIN
2025-09-11,515880,通信ETF,400,2.238,2.388,955.1999999999999,59.999999999999964,0.06702412868632712,TEST
2025-09-11,159713,稀土产业ETF,1800,1.612,1.639,2950.2,48.599999999999845,0.01674937965260548,MAIN
2025-09-12,515880,通信ETF,400,2.238,2.413,965.1999999999999,69.99999999999993,0.07819481680071494,TEST
2025-09-12,159713,稀土产业ETF,1800,1.612,1.615,2907.0,5.399999999999805,0.0018610421836227076,MAIN
2025-09-15,515880,通信ETF,400,2.238,2.389,955.5999999999999,60.39999999999992,0.0674709562109026,TEST
2025-09-16,515880,通信ETF,400,2.238,2.389,955.5999999999999,60.39999999999992,0.0674709562109026,TEST
2025-09-16,159713,稀土产业ETF,1200,1.639,1.636,1963.1999999999998,-3.6000000000001364,-0.0018303843807200293,MAIN
2025-09-17,515880,通信ETF,400,2.238,2.344,937.5999999999999,42.39999999999995,0.04736371760500435,TEST
2025-09-17,159713,稀土产业ETF,1200,1.639,1.626,1951.1999999999998,-15.600000000000147,-0.007931665649786535,MAIN
2025-09-18,515880,通信ETF,400,2.238,2.356,942.4,47.19999999999995,0.05272564789991052,TEST
2025-09-18,159713,稀土产业ETF,1200,1.639,1.651,1981.2,14.400000000000013,0.007321537522879895,MAIN
2025-09-19,515880,通信ETF,400,2.238,2.358,943.2,48.00000000000004,0.0536193029490617,TEST
2025-09-19,159713,稀土产业ETF,1200,1.639,1.692,2030.3999999999999,63.59999999999992,0.032336790726052334,MAIN
2025-09-22,515880,通信ETF,400,2.238,2.346,938.4000000000001,43.20000000000004,0.04825737265415553,TEST
2025-09-22,159713,稀土产业ETF,1200,1.639,1.695,2034.0,67.20000000000006,0.034167175106772474,MAIN
2025-09-23,515880,通信ETF,400,2.238,2.426,970.4000000000001,75.20000000000007,0.08400357462019659,TEST
2025-09-23,159713,稀土产业ETF,1200,1.639,1.683,2019.6000000000001,52.80000000000005,0.02684563758389258,MAIN
2025-09-24,515880,通信ETF,400,2.238,2.43,972.0000000000001,76.80000000000007,0.08579088471849872,TEST
2025-09-24,159713,稀土产业ETF,1200,1.639,1.668,2001.6,34.7999999999999,0.017693715680292765,MAIN
2025-09-25,515880,通信ETF,400,2.238,2.48,992.0,96.8,0.10813226094727435,TEST
2025-09-25,159713,稀土产业ETF,1200,1.639,1.686,2023.1999999999998,56.39999999999992,0.028676021964612497,MAIN
2025-09-26,515880,通信ETF,400,2.238,2.46,984.0,88.79999999999998,0.09919571045576414,TEST
2025-09-26,159713,稀土产业ETF,1200,1.639,1.691,2029.2,62.400000000000055,0.031726662599145916,MAIN
2025-09-29,515880,通信ETF,400,2.238,2.485,994.0,98.79999999999995,0.11036639857015196,TEST
2025-09-29,159713,稀土产业ETF,1200,1.639,1.681,2017.2,50.40000000000005,0.0256253813300793,MAIN
2025-09-30,515880,通信ETF,400,2.238,2.518,1007.1999999999999,111.99999999999991,0.1251117068811438,TEST
2025-09-30,159713,稀土产业ETF,1200,1.639,1.699,2038.8000000000002,72.00000000000006,0.03660768761439903,MAIN
2025-10-01,515880,通信ETF,400,2.238,2.446,978.4000000000001,83.20000000000007,0.09294012511170702,TEST
2025-10-01,159713,稀土产业ETF,1200,1.639,1.696,2035.2,68.39999999999992,0.03477730323367911,MAIN
2025-10-02,515880,通信ETF,400,2.238,2.426,970.4000000000001,75.20000000000007,0.08400357462019659,TEST
2025-10-02,159713,稀土产业ETF,1200,1.639,1.647,1976.4,9.600000000000009,0.004881025015253115,MAIN
2025-10-03,515880,通信ETF,400,2.238,2.402,960.8000000000001,65.60000000000005,0.07327971403038425,TEST
2025-10-06,515880,通信ETF,400,2.238,2.426,970.4000000000001,75.20000000000007,0.08400357462019659,TEST
2025-10-06,515050,5G通信ETF,1200,1.649,1.65,1980.0,1.1999999999998678,0.0006064281382656134,MAIN
2025-10-07,515880,通信ETF,400,2.238,2.405,961.9999999999999,66.79999999999993,0.07462019660411068,TEST
2025-10-08,512480,半导体ETF,300,2.736,2.744,823.2,2.400000000000002,0.0029239766081872176,TEST
2025-10-09,512480,半导体ETF,300,2.736,2.753,825.9000000000001,5.099999999999971,0.006213450292397615,TEST
2025-10-10,512480,半导体ETF,300,2.736,2.834,850.2,29.39999999999996,0.035818713450292305,TEST
2025-10-10,515050,5G通信ETF,1200,1.624,1.629,1954.8,5.999999999999872,0.0030788177339899914,MAIN
2025-10-13,512480,半导体ETF,300,2.736,2.758,827.4,6.599999999999939,0.008040935672514626,TEST
2025-10-14,512480,半导体ETF,300,2.736,2.767,830.1,9.299999999999908,0.011330409356725024,TEST
2025-10-14,159713,稀土产业ETF,1600,1.792,1.786,2857.6,-9.600000000000009,-0.0033482142857143016,MAIN
2025-10-15,512480,半导体ETF,300,2.736,2.736,820.8000000000001,0.0,0.0,TEST
2025-10-15,159713,稀土产业ETF,1600,1.792,1.804,2886.4,19.200000000000017,0.006696428571428603,MAIN
2025-10-16,512480,半导体ETF,300,2.736,2.727,818.0999999999999,-2.7000000000001023,-0.00328947368421062,TEST
2025-10-16,159713,稀土产业ETF,1600,1.792,1.781,2849.6,-17.600000000000193,-0.006138392857142905,MAIN
2025-10-17,512480,半导体ETF,300,2.736,2.742,822.6,1.799999999999935,0.002192982456140191,TEST
2025-10-17,159713,稀土产业ETF,1600,1.792,1.771,2833.6,-33.60000000000021,-0.011718750000000111,MAIN
2025-10-20,512480,半导体ETF,300,2.736,2.744,823.2,2.400000000000002,0.0029239766081872176,TEST
2025-10-20,159713,稀土产业ETF,1600,1.792,1.758,2812.8,-54.40000000000005,-0.0189732142857143,MAIN
2025-10-21,512480,半导体ETF,300,2.736,2.74,822.0000000000001,1.200000000000001,0.0014619883040936088,TEST
2025-10-21,159713,稀土产业ETF,1600,1.792,1.725,2760.0,-107.19999999999992,-0.037388392857142794,MAIN
2025-10-22,512480,半导体ETF,300,2.736,2.748,824.4000000000001,3.600000000000003,0.004385964912280604,TEST
2025-10-22,159713,稀土产业ETF,1600,1.792,1.725,2760.0,-107.19999999999992,-0.037388392857142794,MAIN
2025-10-23,512480,半导体ETF,300,2.736,2.765,829.5,8.699999999999974,0.01059941520467822,TEST
2025-10-23,159713,稀土产业ETF,1600,1.792,1.689,2702.4,-164.79999999999995,-0.0574776785714286,MAIN
2025-10-24,512480,半导体ETF,300,2.736,2.728,818.4000000000001,-2.400000000000002,-0.0029239766081871066,TEST
2025-10-27,512480,半导体ETF,300,2.736,2.735,820.5,-0.3000000000001002,-0.0003654970760235132,TEST
2025-10-28,512480,半导体ETF,300,2.736,2.715,814.5,-6.3000000000001055,-0.007675438596491335,TEST
2025-10-28,159713,稀土产业ETF,1100,1.7,1.69,1859.0,-11.00000000000001,-0.00588235294117645,MAIN
2025-10-30,512480,半导体ETF,700,2.698,2.699,1889.3,0.6999999999999229,0.0003706449221645425,MAIN
2025-11-03,159732,消费电子ETF,500,1.736,1.732,866.0,-2.0000000000000018,-0.0023041474654378336,TEST
2025-11-04,159713,稀土产业ETF,500,1.713,1.725,862.5,6.000000000000005,0.007005253940455258,TEST
2025-11-05,159713,稀土产业ETF,500,1.713,1.716,858.0,1.4999999999999458,0.0017513134851137035,TEST
2025-11-07,159819,人工智能ETF,1000,1.951,1.944,1944.0,-7.000000000000117,-0.0035879036391595065,MAIN
2025-11-10,159713,稀土产业ETF,1100,1.778,1.764,1940.4,-15.400000000000013,-0.007874015748031482,MAIN
2025-11-11,159713,稀土产业ETF,1100,1.778,1.753,1928.3,-27.500000000000146,-0.014060742407199123,MAIN
2025-11-11,159732,消费电子ETF,1700,1.743,1.733,2946.1000000000004,-17.000000000000014,-0.005737234652897327,MAIN
2025-11-13,159819,人工智能ETF,1400,2.047,2.04,2856.0,-9.800000000000164,-0.0034196384953590897,MAIN
2025-11-14,159819,人工智能ETF,1400,2.047,2.004,2805.6,-60.20000000000021,-0.021006350757205694,MAIN
2025-11-14,512480,半导体ETF,1000,2.821,2.822,2822.0,0.9999999999998899,0.00035448422545192315,MAIN
2025-11-17,159819,人工智能ETF,1400,2.047,1.983,2776.2000000000003,-89.60000000000008,-0.03126526624328285,MAIN
2025-11-17,512480,半导体ETF,1000,2.821,2.864,2864.0,42.9999999999997,0.015242821694434472,MAIN
2025-11-18,159819,人工智能ETF,1400,2.047,1.992,2788.8,-77.00000000000023,-0.02686858817782123,MAIN
2025-11-18,512480,半导体ETF,1000,2.821,2.917,2917.0,95.99999999999964,0.03403048564338884,MAIN
2025-11-19,159819,人工智能ETF,1400,2.047,1.99,2786.0,-79.80000000000022,-0.027845627747923873,MAIN
2025-11-19,512480,半导体ETF,1000,2.821,2.969,2969.0,147.9999999999997,0.052463665366891066,MAIN
2025-11-20,512480,半导体ETF,1000,2.821,2.974,2974.0,153.00000000000003,0.054236086494151126,MAIN
2025-11-21,512480,半导体ETF,1000,2.821,2.996,2996.0,174.99999999999983,0.06203473945409432,MAIN
2025-11-21,159819,人工智能ETF,1000,1.983,1.983,1983.0,0.0,0.0,MAIN
2025-11-24,512480,半导体ETF,1000,2.821,2.956,2956.0,134.99999999999977,0.04785537043601562,MAIN
2025-11-24,159819,人工智能ETF,1000,1.983,1.987,1987.0,4.0000000000000036,0.0020171457387796465,MAIN
2025-11-25,512480,半导体ETF,1000,2.821,2.933,2933.0,111.99999999999966,0.03970223325062028,MAIN
2025-11-25,159819,人工智能ETF,1000,1.983,1.969,1969.0,-14.000000000000012,-0.007060010085728652,MAIN
2025-11-26,512480,半导体ETF,1000,2.821,2.928,2928.0,106.99999999999976,0.03792981212336044,MAIN
2025-11-27,512480,半导体ETF,1000,2.821,2.895,2895.0,73.99999999999984,0.026231832683445422,MAIN
2025-11-27,159732,消费电子ETF,1500,1.891,1.89,2835.0,-1.5000000000001679,-0.0005288207297726721,MAIN
2025-11-28,512480,半导体ETF,1000,2.821,2.893,2893.0,71.99999999999962,0.025522864232541576,MAIN
2025-11-28,159732,消费电子ETF,1500,1.891,1.87,2805.0,-31.49999999999986,-0.011105235325224672,MAIN
2025-12-01,512480,半导体ETF,1000,2.821,2.892,2892.0,70.99999999999973,0.025168380007089652,MAIN
2025-12-01,159732,消费电子ETF,1500,1.891,1.912,2868.0,31.49999999999986,0.011105235325224783,MAIN
2025-12-02,512480,半导体ETF,1000,2.821,2.855,2855.0,33.99999999999981,0.01205246366536672,MAIN
2025-12-02,159732,消费电子ETF,1500,1.891,1.897,2845.5,9.000000000000007,0.0031729243786355887,MAIN
2025-12-03,159732,消费电子ETF,1500,1.891,1.87,2805.0,-31.49999999999986,-0.011105235325224672,MAIN
2025-12-04,159732,消费电子ETF,1500,1.891,1.856,2784.0,-52.49999999999988,-0.018508725542041193,MAIN
2025-12-04,159713,稀土产业ETF,1600,1.822,1.817,2907.2,-8.000000000000185,-0.0027442371020857115,MAIN
2025-12-05,159732,消费电子ETF,1500,1.891,1.814,2721.0,-115.49999999999994,-0.04071919619249076,MAIN
2025-12-05,159713,稀土产业ETF,1600,1.822,1.831,2929.6,14.399999999999835,0.004939626783754036,MAIN
2025-12-08,159713,稀土产业ETF,1600,1.822,1.819,2910.4,-4.800000000000182,-0.0016465422612513825,MAIN
2025-12-09,159713,稀土产业ETF,1600,1.822,1.866,2985.6000000000004,70.40000000000006,0.02414928649835346,MAIN
2025-12-10,159713,稀土产业ETF,1600,1.822,1.855,2968.0,52.79999999999987,0.018111964873765096,MAIN
2025-12-10,159819,人工智能ETF,1400,2.021,2.027,2837.8,8.400000000000318,0.002968827313211353,MAIN
2025-12-11,159713,稀土产业ETF,1600,1.822,1.88,3008.0,92.79999999999973,0.0318331503841931,MAIN
2025-12-11,159819,人工智能ETF,1400,2.021,2.03,2841.9999999999995,12.599999999999856,0.004453240969816807,MAIN
2025-12-12,159713,稀土产业ETF,1600,1.822,1.899,3038.4,123.19999999999993,0.04226125137211856,MAIN
2025-12-15,159713,稀土产业ETF,1600,1.822,1.879,3006.4,91.1999999999999,0.031284302963775934,MAIN
2025-12-15,515880,通信ETF,400,2.243,2.235,894.0,-3.200000000000003,-0.003566651805617438,TEST
2025-12-16,159713,稀土产业ETF,1600,1.822,1.919,3070.4,155.19999999999996,0.05323819978046096,MAIN
2025-12-17,159713,稀土产业ETF,1600,1.822,1.942,3107.2,191.99999999999983,0.06586169045005486,MAIN
2025-12-18,159713,稀土产业ETF,1600,1.822,1.937,3099.2000000000003,184.0,0.06311745334796925,MAIN
2025-12-19,159713,稀土产业ETF,1600,1.822,1.939,3102.4,187.2,0.06421514818880358,MAIN
2025-12-22,159713,稀土产业ETF,1600,1.822,1.945,3112.0,196.8,0.06750823271130635,MAIN
2025-12-23,159713,稀土产业ETF,1600,1.822,1.969,3150.4,235.20000000000005,0.08068057080131719,MAIN
2025-12-24,159713,稀土产业ETF,1600,1.822,1.952,3123.2,207.99999999999983,0.07135016465422606,MAIN
2025-12-25,159713,稀土产业ETF,1600,1.822,1.967,3147.2000000000003,232.00000000000003,0.07958287596048308,MAIN
2025-12-25,159732,消费电子ETF,500,1.847,1.836,918.0,-5.499999999999949,-0.005955603681645827,TEST
2025-12-26,159713,稀土产业ETF,1600,1.822,1.938,3100.7999999999997,185.5999999999998,0.06366630076838642,MAIN
2025-12-29,159713,稀土产业ETF,1600,1.822,1.92,3072.0,156.79999999999978,0.053787047200878124,MAIN
2025-12-29,159732,消费电子ETF,1000,1.836,1.845,1845.0,8.999999999999897,0.004901960784313708,MAIN
2025-12-30,159713,稀土产业ETF,1600,1.822,1.935,3096.0,180.79999999999998,0.062019758507134926,MAIN
2025-12-31,159713,稀土产业ETF,1600,1.822,1.915,3064.0,148.79999999999995,0.051042810098792524,MAIN
2026-01-01,159713,稀土产业ETF,1600,1.822,1.917,3067.2000000000003,151.99999999999994,0.05214050493962685,MAIN
2026-01-02,159713,稀土产业ETF,1600,1.822,1.924,3078.4,163.1999999999998,0.05598243688254656,MAIN
2026-01-05,159713,稀土产业ETF,1600,1.822,1.917,3067.2000000000003,151.99999999999994,0.05214050493962685,MAIN
2026-01-07,159732,消费电子ETF,500,1.89,1.888,944.0,-1.0000000000000009,-0.0010582010582010914,TEST
2026-01-08,159732,消费电子ETF,500,1.89,1.898,949.0,4.0000000000000036,0.004232804232804144,TEST
2026-01-09,159732,消费电子ETF,500,1.89,1.918,959.0,14.000000000000012,0.014814814814814836,TEST
2026-01-12,159732,消费电子ETF,500,1.89,1.922,961.0,16.000000000000014,0.01693121693121702,TEST
2026-01-12,159713,稀土产业ETF,1000,1.866,1.866,1866.0,0.0,0.0,MAIN
2026-01-13,159732,消费电子ETF,500,1.89,1.916,958.0,13.00000000000001,0.013756613756613856,TEST
2026-01-14,159732,消费电子ETF,500,1.89,1.871,935.5,-9.499999999999954,-0.01005291005290998,TEST
2026-01-16,515880,通信ETF,400,2.12,2.123,849.2,1.2000000000000455,0.0014150943396227245,TEST
2026-01-19,159732,消费电子ETF,1000,1.832,1.835,1835.0,2.9999999999998916,0.0016375545851528006,MAIN
2026-01-20,159713,稀土产业ETF,1000,1.908,1.912,1912.0,4.0000000000000036,0.002096436058700135,MAIN
2026-01-21,159819,人工智能ETF,500,1.902,1.891,945.5,-5.499999999999949,-0.005783385909568839,TEST
2026-01-22,159713,稀土产业ETF,500,1.89,1.893,946.5,1.5000000000000568,0.0015873015873015817,TEST
2026-01-26,516640,芯片龙头ETF,700,1.416,1.415,990.5,-0.6999999999999229,-0.0007062146892654608,TEST
2026-01-28,159713,稀土产业ETF,1000,1.856,1.854,1854.0,-2.0000000000000018,-0.0010775862068965747,MAIN
2026-01-30,159819,人工智能ETF,500,1.903,1.908,954.0,2.4999999999999467,0.0026274303730950965,TEST
2026-02-03,512480,半导体ETF,300,2.523,2.518,755.4,-1.5000000000001013,-0.0019817677368213493,TEST
2026-02-05,512480,半导体ETF,400,2.473,2.475,990.0,0.8000000000000895,0.0008087343307723316,TEST
2026-02-09,516510,云计算ETF,500,1.916,1.91,955.0,-3.0000000000000027,-0.0031315240083507057,TEST
2026-02-11,159732,消费电子ETF,500,1.674,1.675,837.5,0.500000000000056,0.0005973715651135247,TEST
2026-02-13,159713,稀土产业ETF,500,1.769,1.768,884.0,-0.49999999999994493,-0.0005652911249293124,TEST
2026-02-16,159819,人工智能ETF,500,1.912,1.907,953.5,-2.4999999999999467,-0.0026150627615062483,TEST
2026-02-18,515880,通信ETF,400,2.081,2.091,836.4000000000001,4.000000000000092,0.0048053820278712855,TEST
2026-02-20,159819,人工智能ETF,500,1.854,1.868,934.0,7.000000000000006,0.007551240560949246,TEST
2026-02-24,516640,芯片龙头ETF,600,1.44,1.441,864.6,0.6000000000000671,0.000694444444444553,TEST
2026-02-26,515880,通信ETF,400,2.1,2.094,837.5999999999999,-2.400000000000091,-0.0028571428571430024,TEST
2026-03-02,515880,通信ETF,400,2.094,2.096,838.4000000000001,0.8000000000000895,0.0009551098376314737,TEST
2026-03-04,159819,人工智能ETF,500,1.933,1.931,965.5,-1.0000000000000009,-0.0010346611484738366,TEST
2026-03-06,159819,人工智能ETF,500,1.901,1.903,951.5,1.0000000000000009,0.0010520778537612685,TEST
2026-03-10,515050,5G通信ETF,600,1.448,1.447,868.2,-0.5999999999999339,-0.0006906077348065587,TEST
2026-03-11,159732,消费电子ETF,500,1.782,1.783,891.5,0.49999999999994493,0.0005611672278338364,TEST
2026-03-12,515050,5G通信ETF,700,1.402,1.402,981.4,0.0,0.0,TEST
2026-03-16,159732,消费电子ETF,500,1.812,1.802,901.0,-5.000000000000004,-0.0055187637969095205,TEST
2026-03-18,515880,通信ETF,400,2.077,2.077,830.8,0.0,0.0,TEST
2026-03-19,159995,芯片ETF,900,1.05,1.046,941.4000000000001,-3.600000000000003,-0.003809523809523818,TEST
2026-03-20,159819,人工智能ETF,500,1.982,1.971,985.5,-5.499999999999949,-0.0055499495459131465,TEST
2026-03-23,159819,人工智能ETF,500,1.982,2.0,1000.0,9.000000000000007,0.00908173562058523,TEST
2026-03-24,159819,人工智能ETF,500,1.982,2.024,1012.0,21.000000000000018,0.021190716448032276,TEST
2026-03-24,159732,消费电子ETF,500,1.711,1.706,853.0,-2.5000000000000577,-0.0029222676797194813,TEST
2026-03-25,159819,人工智能ETF,500,1.982,2.022,1010.9999999999999,19.999999999999908,0.020181634712411523,TEST
2026-03-26,159819,人工智能ETF,500,1.982,2.019,1009.5000000000001,18.50000000000007,0.018668012108980836,TEST
2026-03-26,159995,芯片ETF,900,1.044,1.048,943.2,3.600000000000003,0.003831417624521105,TEST
2026-03-27,159819,人工智能ETF,500,1.982,2.044,1022.0,31.00000000000003,0.03128153380423826,TEST
2026-03-27,159995,芯片ETF,900,1.044,1.053,947.6999999999999,8.099999999999907,0.008620689655172376,TEST
2026-03-30,159819,人工智能ETF,500,1.982,2.042,1020.9999999999999,29.999999999999915,0.030272452068617506,TEST
2026-03-30,159995,芯片ETF,900,1.044,1.044,939.6,0.0,0.0,TEST
2026-03-31,159819,人工智能ETF,500,1.982,2.016,1008.0,17.000000000000014,0.017154389505549927,TEST
2026-03-31,159995,芯片ETF,900,1.044,1.035,931.4999999999999,-8.100000000000108,-0.008620689655172487,TEST
2026-04-01,159819,人工智能ETF,500,1.982,2.031,1015.5000000000001,24.500000000000078,0.02472250252270447,TEST
2026-04-01,159995,芯片ETF,900,1.044,1.02,918.0,-21.60000000000002,-0.02298850574712641,TEST
2026-04-02,159819,人工智能ETF,500,1.982,2.047,1023.5000000000001,32.500000000000085,0.03279515640766917,TEST
2026-04-03,159819,人工智能ETF,500,1.982,2.045,1022.5,31.49999999999997,0.031786074672048414,TEST
2026-04-06,159819,人工智能ETF,500,1.982,2.044,1022.0,31.00000000000003,0.03128153380423826,TEST
2026-04-07,159819,人工智能ETF,500,1.982,2.019,1009.5000000000001,18.50000000000007,0.018668012108980836,TEST
2026-04-07,516150,稀土ETF,600,1.638,1.632,979.1999999999999,-3.600000000000003,-0.00366300366300365,TEST
2026-04-08,159819,人工智能ETF,500,1.982,2.014,1006.9999999999999,15.999999999999904,0.016145307769929174,TEST
2026-04-09,159819,人工智能ETF,500,1.982,1.982,991.0,0.0,0.0,TEST
2026-04-09,159713,稀土产业ETF,500,1.839,1.838,919.0,-0.49999999999994493,-0.0005437737901032857,TEST
2026-04-13,159995,芯片ETF,900,1.042,1.035,931.4999999999999,-6.3000000000001055,-0.006717850287907945,TEST
2026-04-15,515050,5G通信ETF,700,1.372,1.371,959.7,-0.7000000000000783,-0.0007288629737610686,TEST
2026-04-16,159995,芯片ETF,900,1.02,1.022,919.8000000000001,1.8000000000000016,0.0019607843137254832,TEST
2026-04-20,159819,人工智能ETF,1500,1.991,1.992,2988.0,1.4999999999998348,0.0005022601707684871,MAIN
2026-04-22,159995,芯片ETF,900,1.023,1.022,919.8000000000001,-0.8999999999999009,-0.0009775171065492527,TEST
2026-04-23,159819,人工智能ETF,1400,2.088,2.099,2938.6000000000004,15.400000000000169,0.005268199233716464,MAIN
2026-04-24,159819,人工智能ETF,1400,2.088,2.066,2892.3999999999996,-30.800000000000338,-0.010536398467433039,MAIN
2026-04-27,159819,人工智能ETF,1400,2.088,2.116,2962.4,39.20000000000003,0.013409961685823868,MAIN
2026-04-28,159819,人工智能ETF,1400,2.088,2.113,2958.2,34.99999999999987,0.011973180076628287,MAIN
2026-04-29,159819,人工智能ETF,1400,2.088,2.109,2952.6,29.39999999999987,0.010057471264367734,MAIN
2026-04-30,159819,人工智能ETF,1400,2.088,2.136,2990.4,67.20000000000006,0.02298850574712641,MAIN
2026-05-01,159819,人工智能ETF,1400,2.088,2.143,3000.2,76.9999999999996,0.02634099616858232,MAIN
2026-05-04,159819,人工智能ETF,1400,2.088,2.164,3029.6000000000004,106.40000000000009,0.03639846743295028,MAIN
2026-05-05,159819,人工智能ETF,1400,2.088,2.159,3022.6,99.39999999999962,0.03400383141762431,MAIN
2026-05-06,159819,人工智能ETF,1400,2.088,2.174,3043.6,120.39999999999979,0.04118773946360155,MAIN
2026-05-07,159819,人工智能ETF,1400,2.088,2.183,3056.2,132.99999999999966,0.045498084291187624,MAIN
2026-05-08,159819,人工智能ETF,1400,2.088,2.195,3073.0,149.79999999999967,0.05124521072796928,MAIN
2026-05-11,159819,人工智能ETF,1400,2.088,2.21,3094.0,170.79999999999984,0.0584291187739463,MAIN
2026-05-12,159819,人工智能ETF,1400,2.088,2.234,3127.6,204.39999999999986,0.06992337164750961,MAIN
2026-05-13,159819,人工智能ETF,1400,2.088,2.212,3096.8,173.60000000000016,0.059386973180076685,MAIN
2026-05-14,159819,人工智能ETF,1400,2.088,2.233,3126.2000000000003,203.00000000000003,0.06944444444444442,MAIN
2026-05-15,159819,人工智能ETF,1400,2.088,2.234,3127.6,204.39999999999986,0.06992337164750961,MAIN
2026-05-18,159819,人工智能ETF,1400,2.088,2.259,3162.6,239.39999999999975,0.0818965517241379,MAIN
2026-05-19,159819,人工智能ETF,1400,2.088,2.249,3148.6000000000004,225.40000000000003,0.07710727969348663,MAIN
2026-05-19,159713,稀土产业ETF,1600,1.816,1.821,2913.6,7.9999999999998295,0.002753303964757592,MAIN
2026-05-20,159819,人工智能ETF,1400,2.088,2.267,3173.7999999999997,250.59999999999977,0.085727969348659,MAIN
2026-05-20,159713,稀土产业ETF,1600,1.816,1.813,2900.7999999999997,-4.800000000000182,-0.0016519823788546661,MAIN
2026-05-21,159819,人工智能ETF,1400,2.088,2.301,3221.4,298.2000000000001,0.10201149425287359,MAIN
2026-05-21,159713,稀土产业ETF,1600,1.816,1.793,2868.7999999999997,-36.80000000000021,-0.012665198237885589,MAIN
2026-05-22,159819,人工智能ETF,1400,2.088,2.307,3229.7999999999997,306.5999999999998,0.10488505747126431,MAIN
2026-05-25,159819,人工智能ETF,1400,2.088,2.291,3207.4,284.19999999999976,0.0972222222222221,MAIN
2026-05-25,515880,通信ETF,400,2.032,2.017,806.8,-6.00000000000005,-0.0073818897637796255,TEST
2026-05-26,159819,人工智能ETF,1400,2.088,2.318,3245.2000000000003,322.0,0.11015325670498077,MAIN
2026-05-27,159819,人工智能ETF,1400,2.088,2.318,3245.2000000000003,322.0,0.11015325670498077,MAIN
2026-05-28,159819,人工智能ETF,1400,2.088,2.35,3290.0,366.8,0.1254789272030652,MAIN
2026-05-29,159819,人工智能ETF,1400,2.088,2.332,3264.7999999999997,341.5999999999997,0.1168582375478926,MAIN
