date,time,symbol,name,side,shares,price,amount,commission,slippage,position_type,reason,signal_type,cash_after,equity_after,realized_pnl,realized_pnl_ratio
2024-01-02,09:30,159995,芯片ETF,BUY,2300,1.271,2923.2999999999997,0.029233,0.0,MAIN,趋势追涨：趋势、放量、组内排名满足条件,BUY_STANDARD,5076.670767,7999.970766999999,0.0,0.0
2024-01-04,09:30,159819,人工智能ETF,BUY,1400,2.106,2948.3999999999996,0.029484,1.3999999999998458,MAIN,趋势追涨：趋势、放量、组内排名满足条件,BUY_STANDARD,2128.241283,8041.341283,0.0,0.0
2024-01-11,09:30,159995,芯片ETF,SELL,2300,1.253,2881.8999999999996,0.028818999999999997,0.0,MAIN,趋势破坏或跌破MA20,REDUCE,5010.112464,8015.912463999999,-41.42881900000003,-0.014162077104642012
2024-01-12,09:30,159732,消费电子ETF,BUY,1300,1.529,1987.6999999999998,0.019877,0.0,MAIN,强趋势回调低吸：中期趋势未破且回撤到MA20附近,BUY_LIGHT,3022.3925870000003,8004.692587,0.0,0.0
2024-01-15,09:30,159732,消费电子ETF,SELL,1300,1.501,1951.3,0.019513000000000003,0.0,MAIN,趋势破坏或跌破MA20,REDUCE,4973.673074,8029.873074,-36.41951300000004,-0.01831262262916944
2024-01-16,09:30,159713,稀土产业ETF,BUY,700,1.259,881.3,0.008813,0.0,TEST,连续亏损2笔，下一笔只能测试仓,BUY_TEST,4092.364261,7958.464261000001,0.0,0.0
2024-02-06,09:30,159713,稀土产业ETF,SELL,700,1.272,890.4,0.008904,0.0,TEST,趋势破坏或跌破MA20,REDUCE,4982.755357,8118.755357,9.091096000000087,0.010325655281969937
2024-02-08,09:30,159819,人工智能ETF,SELL,1400,2.163,3028.2,0.030282,1.4000000000004675,MAIN,趋势破坏或跌破MA20,REDUCE,8010.925074999999,8010.925074999999,79.76971799999991,0.027065527065527117
2024-02-08,09:30,515050,5G通信ETF,BUY,3300,1.492,4923.6,0.04923600000000001,0.0,STRONG,趋势追涨：趋势、放量、组内排名满足条件,BUY_STRONG,3087.275838999999,8010.875838999999,0.0,0.0
2024-02-13,09:30,159819,人工智能ETF,BUY,600,2.217,1330.2,0.013302000000000001,0.5999999999999339,MAIN,趋势追涨：趋势、放量、组内排名满足条件,BUY_STANDARD,1757.0625369999989,8126.362536999998,0.0,0.0
2024-02-15,09:30,159819,人工智能ETF,SELL,600,2.189,1313.4,0.013134000000000002,0.5999999999999339,MAIN,趋势破坏或跌破MA20,REDUCE,3070.4494029999987,8013.849402999998,-16.813134000000016,-0.012629679747406364
2024-02-16,09:30,515880,通信ETF,BUY,1000,1.449,1449.0,0.014490000000000001,0.0,MAIN,趋势追涨：趋势、放量、组内排名满足条件,BUY_STANDARD,1621.4349129999987,7911.5349129999995,0.0,0.0
2024-02-20,09:30,515050,5G通信ETF,SELL,3300,1.414,4666.2,0.046662,0.0,STRONG,趋势破坏或跌破MA20,REDUCE,6287.588250999999,7728.588250999999,-257.44666200000023,-0.052278820375335155
2024-02-23,09:30,516150,稀土ETF,BUY,300,2.668,800.4000000000001,0.008004,0.3000000000001002,TEST,连续亏损2笔，下一笔只能测试仓,BUY_TEST,5487.180246999999,7764.580247,0.0,0.0
2024-03-22,09:30,515880,通信ETF,SELL,1000,1.531,1531.0,0.01531,0.0,MAIN,趋势破坏或跌破MA20,REDUCE,7018.164937,7951.464937,81.98468999999986,0.05659075224292609
2024-03-25,09:30,515880,通信ETF,BUY,1200,1.556,1867.2,0.018672,0.0,MAIN,强趋势回调低吸：中期趋势未破且回撤到MA20附近,BUY_LIGHT,5150.946265,7955.046265,0.0,0.0
2024-04-02,09:30,515880,通信ETF,SELL,1200,1.578,1893.6000000000001,0.018936,0.0,MAIN,趋势破坏或跌破MA20,REDUCE,7044.527329,8001.827329,26.381064000000023,0.014138817480719768
2024-04-05,09:30,515050,5G通信ETF,BUY,1800,1.623,2921.4,0.029214000000000004,0.0,MAIN,趋势追涨：趋势、放量、组内排名满足条件,BUY_STANDARD,4123.098114999999,8032.098114999999,0.0,0.0
2024-04-25,09:30,515050,5G通信ETF,SELL,1800,1.574,2833.2000000000003,0.028332000000000006,0.0,MAIN,趋势破坏或跌破MA20,REDUCE,6956.269783,8060.269783,-88.22833199999988,-0.03019100431300059
2024-04-26,09:30,515880,通信ETF,BUY,1800,1.642,2955.6,0.029556000000000002,0.0,MAIN,趋势追涨：趋势、放量、组内排名满足条件,BUY_STANDARD,4000.640227,8060.5402269999995,0.0,0.0
2024-05-07,09:30,515880,通信ETF,SELL,1800,1.624,2923.2000000000003,0.029232000000000005,0.0,MAIN,趋势破坏或跌破MA20,REDUCE,6923.810995,8036.2109949999995,-32.42923199999963,-0.010962241169305553
2024-05-08,09:30,159819,人工智能ETF,BUY,300,2.536,760.8,0.007608,0.29999999999996696,TEST,连续亏损2笔，下一笔只能测试仓,BUY_TEST,6163.003387,8054.203387,0.0,0.0
2024-05-21,09:30,159819,人工智能ETF,SELL,300,2.492,747.6,0.007476000000000001,0.29999999999996696,TEST,趋势破坏或跌破MA20,REDUCE,6910.595910999999,8051.795910999999,-13.207476000000012,-0.017350157728706628
2024-05-23,09:30,516150,稀土ETF,SELL,300,3.745,1123.5,0.011235,0.29999999999996696,TEST,趋势破坏或跌破MA20,REDUCE,8034.0846759999995,8034.0846759999995,323.08876499999997,0.40367316341829085
2024-05-23,09:30,516640,芯片龙头ETF,BUY,700,1.391,973.7,0.009737,0.0,TEST,连续亏损3笔，暂停主仓,BUY_TEST,7060.374938999999,8034.074938999999,0.0,0.0
2024-05-28,09:30,515050,5G通信ETF,BUY,1800,1.611,2899.8,0.028998000000000003,0.0,MAIN,趋势追涨：趋势、放量、组内排名满足条件,BUY_STANDARD,4160.545940999999,8046.645941,0.0,0.0
2024-05-31,09:30,515050,5G通信ETF,SELL,1800,1.618,2912.4,0.029124000000000004,0.0,MAIN,趋势破坏或跌破MA20,REDUCE,7072.916816999999,8048.016817,12.570876000000212,0.004345127250155345
2024-06-04,09:30,516510,云计算ETF,BUY,1100,2.568,2824.8,0.028248000000000006,1.0999999999998789,MAIN,趋势追涨：趋势、放量、组内排名满足条件,BUY_STANDARD,4248.088569,8040.988568999999,0.0,0.0
2024-06-05,09:30,516640,芯片龙头ETF,SELL,700,1.346,942.2,0.009422000000000002,0.0,TEST,趋势破坏或跌破MA20,REDUCE,5190.279146999999,8030.479146999999,-31.50942199999995,-0.0323508267433501
2024-06-06,09:30,512480,半导体ETF,BUY,900,3.638,3274.2,0.032742,0.8999999999999009,STRONG,趋势追涨：趋势、放量、组内排名满足条件,BUY_STRONG,1916.0464049999996,8038.1464049999995,0.0,0.0
2024-06-21,09:30,516510,云计算ETF,SELL,1100,2.575,2832.5,0.028325000000000003,1.0999999999998789,MAIN,趋势破坏或跌破MA20,REDUCE,4748.51808,8204.51808,7.671675000000129,0.00272585669781944
2024-06-25,09:30,159995,芯片ETF,BUY,1400,1.402,1962.8,0.019628,0.0,MAIN,强趋势回调低吸：中期趋势未破且回撤到MA20附近,BUY_LIGHT,2785.6984519999996,8134.298452,0.0,0.0
2024-06-26,09:30,159995,芯片ETF,SELL,1400,1.424,1993.6,0.019936000000000002,0.0,MAIN,趋势破坏或跌破MA20,REDUCE,4779.278515999999,8112.878516,30.780064000000024,0.015691868758915817
2024-06-27,09:30,515260,电子ETF,BUY,3200,0.936,2995.2000000000003,0.029952000000000006,0.0,MAIN,趋势追涨：趋势、放量、组内排名满足条件,BUY_STANDARD,1784.0485639999993,8181.2485639999995,0.0,0.0
2024-07-01,09:30,515260,电子ETF,SELL,3200,0.919,2940.8,0.029408000000000004,0.0,MAIN,趋势破坏或跌破MA20,REDUCE,4724.819156,8176.319156,-54.429408000000045,-0.01816239316239321
2024-07-02,09:30,516510,云计算ETF,BUY,700,2.605,1823.5,0.018235,0.6999999999999229,MAIN,强趋势回调低吸：中期趋势未破且回撤到MA20附近,BUY_LIGHT,2901.3009209999996,8164.600920999999,0.0,0.0
2024-07-03,09:30,516510,云计算ETF,SELL,700,2.582,1807.3999999999999,0.018074,0.7000000000002338,MAIN,趋势破坏或跌破MA20,REDUCE,4708.682846999999,8104.382846999999,-16.118074000000092,-0.008829174664107486
2024-07-04,09:30,512480,半导体ETF,SELL,900,3.662,3295.7999999999997,0.032958,0.8999999999999009,STRONG,趋势破坏或跌破MA20,REDUCE,8004.4498889999995,8004.4498889999995,21.56704200000002,0.006597031335898951
2024-07-04,09:30,516510,云计算ETF,BUY,300,2.563,768.9000000000001,0.007689000000000001,0.3000000000001002,TEST,连续亏损2笔，下一笔只能测试仓,BUY_TEST,7235.5422,8004.4421999999995,0.0,0.0
2024-07-05,09:30,516510,云计算ETF,SELL,300,2.555,766.5,0.007665000000000001,0.29999999999996696,TEST,趋势破坏或跌破MA20,REDUCE,8002.034535,8002.034535,-2.407665000000002,-0.0031213421771362215
2024-07-05,09:30,516640,芯片龙头ETF,BUY,1900,1.516,2880.4,0.028804000000000003,0.0,MAIN,趋势追涨：趋势、放量、组内排名满足条件,BUY_STANDARD,5121.605731,8002.005730999999,0.0,0.0
2024-07-08,09:30,515260,电子ETF,BUY,2200,0.908,1997.6000000000001,0.019976000000000004,0.0,MAIN,强趋势回调低吸：中期趋势未破且回撤到MA20附近,BUY_LIGHT,3123.9857549999997,7992.485755,0.0,0.0
2024-07-09,09:30,515260,电子ETF,SELL,2200,0.901,1982.2,0.019822000000000003,0.0,MAIN,趋势破坏或跌破MA20,REDUCE,5106.165933,7954.265933000001,-15.419822000000012,-0.00770925110132159
2024-07-10,09:30,516150,稀土ETF,BUY,200,3.568,713.6,0.007136000000000001,0.19999999999997797,TEST,连续亏损2笔，下一笔只能测试仓,BUY_TEST,4392.558797000001,7990.358797000001,0.0,0.0
2024-07-11,09:30,516150,稀土ETF,SELL,200,3.572,714.4,0.007144,0.19999999999997797,TEST,趋势破坏或跌破MA20,REDUCE,5106.951653,7975.951653,0.7928560000000007,0.0011210762331839152
2024-07-12,09:30,159713,稀土产业ETF,BUY,1800,1.583,2849.4,0.028494000000000002,0.0,MAIN,趋势追涨：趋势、放量、组内排名满足条件,BUY_STANDARD,2257.523159,7996.823159,0.0,0.0
2024-07-15,09:30,159713,稀土产业ETF,SELL,1800,1.555,2799.0,0.02799,0.0,MAIN,趋势破坏或跌破MA20,REDUCE,5056.495169,7969.195169,-50.42799000000005,-0.017687934301958363
2024-07-23,09:30,159713,稀土产业ETF,BUY,1200,1.561,1873.1999999999998,0.018732,0.0,MAIN,强趋势回调低吸：中期趋势未破且回撤到MA20附近,BUY_LIGHT,3183.276437,8066.076437,0.0,0.0
2024-07-24,09:30,159713,稀土产业ETF,SELL,1200,1.541,1849.1999999999998,0.018491999999999998,0.0,MAIN,趋势破坏或跌破MA20,REDUCE,5032.457945,8004.0579450000005,-24.01849200000002,-0.012812299807815508
2024-07-25,09:30,516150,稀土ETF,BUY,200,3.732,746.4000000000001,0.007464000000000002,0.2000000000000668,TEST,连续亏损2笔，下一笔只能测试仓,BUY_TEST,4286.050481,8015.450481,0.0,0.0
2024-07-26,09:30,516150,稀土ETF,SELL,200,3.683,736.5999999999999,0.007365999999999999,0.2000000000000668,TEST,趋势破坏或跌破MA20,REDUCE,5022.643115,7999.943115,-9.807366000000075,-0.013129689174705361
2024-07-29,09:30,516150,稀土ETF,BUY,200,3.677,735.4,0.007354,0.19999999999997797,TEST,连续亏损3笔，暂停主仓,BUY_TEST,4287.235761,8001.835761,0.0,0.0
2024-07-30,09:30,516150,稀土ETF,SELL,200,3.685,737.0,0.007370000000000001,0.19999999999997797,TEST,趋势破坏或跌破MA20,REDUCE,5024.228391,7967.328390999999,1.5926300000000013,0.0021756867011151204
2024-08-01,09:30,516640,芯片龙头ETF,SELL,1900,1.547,2939.2999999999997,0.029393,0.0,MAIN,趋势破坏或跌破MA20,REDUCE,7963.498997999999,7963.498997999999,58.87060699999984,0.02044854881266489
2024-08-01,09:30,159995,芯片ETF,BUY,2100,1.382,2902.2,0.029022,0.0,MAIN,趋势追涨：趋势、放量、组内排名满足条件,BUY_STANDARD,5061.269976,7963.469975999999,0.0,0.0
2024-08-02,09:30,159995,芯片ETF,SELL,2100,1.376,2889.6,0.028896,0.0,MAIN,趋势破坏或跌破MA20,REDUCE,7950.84108,7950.84108,-12.628896000000012,-0.00434153400868309
2024-08-05,09:30,516640,芯片龙头ETF,BUY,1800,1.592,2865.6000000000004,0.028656000000000004,0.0,MAIN,趋势追涨：趋势、放量、组内排名满足条件,BUY_STANDARD,5085.212423999999,7950.812424,0.0,0.0
2024-08-14,09:30,516640,芯片龙头ETF,SELL,1800,1.559,2806.2,0.028062,0.0,MAIN,趋势破坏或跌破MA20,REDUCE,7891.384361999999,7891.384361999999,-59.42806200000025,-0.020728643216080478
2024-08-15,09:30,516640,芯片龙头ETF,BUY,600,1.561,936.5999999999999,0.009366,0.0,TEST,连续亏损2笔，下一笔只能测试仓,BUY_TEST,6954.774995999999,7891.374995999999,0.0,0.0
2024-08-16,09:30,516640,芯片龙头ETF,SELL,600,1.558,934.8000000000001,0.009348000000000002,0.0,TEST,趋势破坏或跌破MA20,REDUCE,7889.565647999999,7889.565647999999,-1.809347999999935,-0.001921844971172204
2024-08-16,09:30,512480,半导体ETF,BUY,200,3.339,667.8,0.006678,0.19999999999997797,TEST,连续亏损2笔，下一笔只能测试仓,BUY_TEST,7221.758969999999,7889.558969999999,0.0,0.0
2024-08-19,09:30,512480,半导体ETF,SELL,200,3.321,664.2,0.006642000000000001,0.19999999999997797,TEST,趋势破坏或跌破MA20,REDUCE,7885.952327999999,7885.952327999999,-3.6066419999999586,-0.005390835579514808
2024-08-19,09:30,516640,芯片龙头ETF,BUY,600,1.551,930.5999999999999,0.009306,0.0,TEST,连续亏损3笔，暂停主仓,BUY_TEST,6955.343021999999,7885.9430219999995,0.0,0.0
2024-08-20,09:30,516640,芯片龙头ETF,SELL,600,1.527,916.1999999999999,0.009162,0.0,TEST,趋势破坏或跌破MA20,REDUCE,7871.53386,7871.53386,-14.409162000000013,-0.015473887814313358
2024-08-20,09:30,159732,消费电子ETF,BUY,700,1.324,926.8000000000001,0.009268000000000002,0.0,TEST,连续亏损3笔，暂停主仓,BUY_TEST,6944.724592,7871.524592,0.0,0.0
2024-08-21,09:30,159732,消费电子ETF,SELL,700,1.328,929.6,0.009296,0.0,TEST,趋势破坏或跌破MA20,REDUCE,7874.315296,7874.315296,2.7907040000000025,0.0030211480362538623
2024-08-21,09:30,512480,半导体ETF,BUY,200,3.41,682.0,0.0068200000000000005,0.2000000000000668,TEST,连续亏损3笔，暂停主仓,BUY_TEST,7192.308476,7874.308476,0.0,0.0
2024-08-22,09:30,512480,半导体ETF,SELL,200,3.425,685.0,0.00685,0.2000000000000668,TEST,趋势破坏或跌破MA20,REDUCE,7877.301626,7877.301626,2.993149999999936,0.004398826979472137
2024-08-23,09:30,516640,芯片龙头ETF,BUY,600,1.492,895.2,0.008952000000000002,0.0,TEST,无主仓机会时保留测试仓参与,BUY_TEST,6982.092674,7877.292674,0.0,0.0
2024-08-26,09:30,516640,芯片龙头ETF,SELL,600,1.461,876.6,0.008766000000000001,0.0,TEST,趋势破坏或跌破MA20,REDUCE,7858.683908000001,7858.683908000001,-18.608765999999953,-0.020777479892761352
2024-08-27,09:30,159713,稀土产业ETF,BUY,600,1.442,865.1999999999999,0.008652,0.0,TEST,无主仓机会时保留测试仓参与,BUY_TEST,6993.475256000001,7858.675256,0.0,0.0
2024-08-28,09:30,159713,稀土产业ETF,SELL,600,1.429,857.4,0.008574,0.0,TEST,趋势破坏或跌破MA20,REDUCE,7850.866682000001,7850.866682000001,-7.808573999999941,-0.009015256588072007
2024-08-29,09:30,159713,稀土产业ETF,BUY,700,1.428,999.5999999999999,0.009996,0.0,TEST,连续亏损2笔，下一笔只能测试仓,BUY_TEST,6851.256686000001,7850.856686000001,0.0,0.0
2024-08-30,09:30,159713,稀土产业ETF,SELL,700,1.437,1005.9000000000001,0.010059000000000002,0.0,TEST,趋势破坏或跌破MA20,REDUCE,7857.146627000001,7857.146627000001,6.289941000000083,0.006302521008403339
2024-08-30,09:30,512480,半导体ETF,BUY,300,3.271,981.3,0.009813,0.29999999999996696,TEST,连续亏损2笔，下一笔只能测试仓,BUY_TEST,6875.836814000001,7857.136814000001,0.0,0.0
2024-09-02,09:30,512480,半导体ETF,SELL,300,3.26,977.9999999999999,0.00978,0.3000000000001002,TEST,趋势破坏或跌破MA20,REDUCE,7853.827034000001,7853.827034000001,-3.3097800000000364,-0.0033628859675940426
2024-09-03,09:30,516150,稀土ETF,BUY,200,3.414,682.8000000000001,0.006828000000000002,0.2000000000000668,TEST,无主仓机会时保留测试仓参与,BUY_TEST,7171.020206000001,7853.820206000001,0.0,0.0
2024-09-04,09:30,516150,稀土ETF,SELL,200,3.415,683.0,0.00683,0.19999999999997797,TEST,趋势破坏或跌破MA20,REDUCE,7854.013376000001,7854.013376000001,0.19316999999997797,0.00029291154071464653
2024-09-05,09:30,159732,消费电子ETF,BUY,700,1.33,931.0,0.00931,0.0,TEST,无主仓机会时保留测试仓参与,BUY_TEST,6923.004066,7854.004066,0.0,0.0
2024-09-06,09:30,159732,消费电子ETF,SELL,700,1.323,926.1,0.009261,0.0,TEST,趋势破坏或跌破MA20,REDUCE,7849.094805000001,7849.094805000001,-4.9092610000000825,-0.0052631578947369695
2024-09-09,09:30,515050,5G通信ETF,BUY,700,1.371,959.7,0.009597000000000001,0.0,TEST,无主仓机会时保留测试仓参与,BUY_TEST,6889.385208000001,7849.085208,0.0,0.0
2024-09-10,09:30,515050,5G通信ETF,SELL,700,1.347,942.9,0.009429,0.0,TEST,趋势破坏或跌破MA20,REDUCE,7832.2757790000005,7832.2757790000005,-16.809429000000016,-0.01750547045951867
2024-09-11,09:30,516150,稀土ETF,BUY,200,3.508,701.6,0.0070160000000000005,0.19999999999997797,TEST,连续亏损2笔，下一笔只能测试仓,BUY_TEST,7130.668763000001,7832.268763000001,0.0,0.0
2024-09-12,09:30,516150,稀土ETF,SELL,200,3.48,696.0,0.006960000000000001,0.19999999999997797,TEST,趋势破坏或跌破MA20,REDUCE,7826.661803000001,7826.661803000001,-5.606960000000005,-0.007981755986317007
2024-09-12,09:30,159732,消费电子ETF,BUY,700,1.311,917.6999999999999,0.009177,0.0,TEST,连续亏损2笔，下一笔只能测试仓,BUY_TEST,6908.952626000001,7826.652626000001,0.0,0.0
2024-09-13,09:30,159732,消费电子ETF,SELL,700,1.336,935.2,0.009352000000000001,0.0,TEST,趋势破坏或跌破MA20,REDUCE,7844.143274000001,7844.143274000001,17.490648000000093,0.019069412662090057
2024-09-13,09:30,516640,芯片龙头ETF,BUY,700,1.405,983.5,0.009835,0.0,TEST,连续亏损3笔，暂停主仓,BUY_TEST,6860.633439000001,7844.133439000001,0.0,0.0
2024-09-16,09:30,516640,芯片龙头ETF,SELL,700,1.414,989.8,0.009898,0.0,TEST,趋势破坏或跌破MA20,REDUCE,7850.423541000001,7850.423541000001,6.290101999999928,0.00640569395017776
2024-09-17,09:30,159713,稀土产业ETF,BUY,700,1.339,937.3,0.009373000000000001,0.0,TEST,无主仓机会时保留测试仓参与,BUY_TEST,6913.114168000001,7850.414168000001,0.0,0.0
2024-09-18,09:30,159713,稀土产业ETF,SELL,700,1.327,928.9,0.009289,0.0,TEST,趋势破坏或跌破MA20,REDUCE,7842.004879000001,7842.004879000001,-8.409289000000008,-0.008961911874533213
2024-09-19,09:30,515880,通信ETF,BUY,600,1.489,893.4000000000001,0.008934000000000001,0.0,TEST,无主仓机会时保留测试仓参与,BUY_TEST,6948.595945000001,7841.995945000001,0.0,0.0
2024-09-20,09:30,515880,通信ETF,SELL,600,1.455,873.0,0.00873,0.0,TEST,趋势破坏或跌破MA20,REDUCE,7821.587215000001,7821.587215000001,-20.40873000000002,-0.022834116856951026
2024-09-23,09:30,516510,云计算ETF,BUY,400,2.197,878.8000000000001,0.008788,0.39999999999995595,TEST,连续亏损2笔，下一笔只能测试仓,BUY_TEST,6942.778427000001,7821.578427000001,0.0,0.0
2024-09-24,09:30,516510,云计算ETF,SELL,400,2.149,859.6,0.008596000000000001,0.39999999999995595,TEST,趋势破坏或跌破MA20,REDUCE,7802.369831000001,7802.369831000001,-19.208596000000018,-0.021847974510696422
2024-09-24,09:30,515050,5G通信ETF,BUY,700,1.331,931.6999999999999,0.009317,0.0,TEST,连续亏损2笔，下一笔只能测试仓,BUY_TEST,6870.660514000001,7802.360514000001,0.0,0.0
2024-09-25,09:30,515050,5G通信ETF,SELL,700,1.327,928.9,0.009289,0.0,TEST,趋势破坏或跌破MA20,REDUCE,7799.551225000001,7799.551225000001,-2.8092890000000024,-0.003005259203606281
2024-09-25,09:30,516150,稀土ETF,BUY,200,3.395,679.0,0.006790000000000001,0.19999999999997797,TEST,连续亏损3笔，暂停主仓,BUY_TEST,7120.544435000001,7799.544435000001,0.0,0.0
2024-09-26,09:30,516150,稀土ETF,SELL,200,3.284,656.8,0.006568,0.2000000000000668,TEST,趋势破坏或跌破MA20,REDUCE,7777.337867,7777.337867,-22.206568000000043,-0.03269513991163486
2024-09-26,09:30,159732,消费电子ETF,BUY,700,1.293,905.0999999999999,0.009051,0.0,TEST,连续亏损3笔，暂停主仓,BUY_TEST,6872.228816000001,7777.328816000001,0.0,0.0
2024-09-27,09:30,159732,消费电子ETF,SELL,700,1.28,896.0,0.008960000000000001,0.0,TEST,趋势破坏或跌破MA20,REDUCE,7768.219856000001,7768.219856000001,-9.10895999999993,-0.010054137664346374
2024-09-27,09:30,516510,云计算ETF,BUY,400,2.123,849.2,0.008492000000000001,0.4000000000001336,TEST,连续亏损3笔，暂停主仓,BUY_TEST,6919.011364000001,7768.211364000001,0.0,0.0
2024-09-30,09:30,516510,云计算ETF,SELL,400,2.107,842.8000000000001,0.008428000000000001,0.39999999999995595,TEST,趋势破坏或跌破MA20,REDUCE,7761.802936000001,7761.802936000001,-6.408428000000006,-0.007536504945831357
2024-09-30,09:30,515880,通信ETF,BUY,700,1.399,979.3000000000001,0.009793000000000001,0.0,TEST,连续亏损3笔，暂停主仓,BUY_TEST,6782.493143000001,7761.793143000001,0.0,0.0
2024-10-01,09:30,515880,通信ETF,SELL,700,1.389,972.3,0.009723,0.0,TEST,趋势破坏或跌破MA20,REDUCE,7754.783420000001,7754.783420000001,-7.009723000000006,-0.0071479628305932685
2024-10-01,09:30,159732,消费电子ETF,BUY,700,1.271,889.6999999999999,0.008897,0.0,TEST,连续亏损3笔，暂停主仓,BUY_TEST,6865.074523000001,7754.774523000001,0.0,0.0
2024-10-02,09:30,159732,消费电子ETF,SELL,700,1.297,907.9,0.009079,0.0,TEST,趋势破坏或跌破MA20,REDUCE,7772.965444000001,7772.965444000001,18.190921000000017,0.020456333595594067
2024-10-02,09:30,512480,半导体ETF,BUY,300,3.154,946.1999999999999,0.009462,0.29999999999996696,TEST,连续亏损3笔，暂停主仓,BUY_TEST,6826.7559820000015,7772.955982000001,0.0,0.0
2024-10-03,09:30,512480,半导体ETF,SELL,300,3.148,944.4000000000001,0.009444000000000001,0.29999999999996696,TEST,趋势破坏或跌破MA20,REDUCE,7771.146538000002,7771.146538000002,-1.809443999999935,-0.0019023462270132407
2024-10-04,09:30,512480,半导体ETF,BUY,300,3.139,941.6999999999999,0.009417,0.29999999999996696,TEST,无主仓机会时保留测试仓参与,BUY_TEST,6829.437121000002,7771.137121000002,0.0,0.0
2024-10-07,09:30,512480,半导体ETF,SELL,300,3.108,932.4,0.009324,0.29999999999996696,TEST,趋势破坏或跌破MA20,REDUCE,7761.827797000002,7761.827797000002,-9.309323999999908,-0.009875756610385422
2024-10-08,09:30,516640,芯片龙头ETF,BUY,600,1.473,883.8000000000001,0.008838000000000002,0.0,TEST,连续亏损2笔，下一笔只能测试仓,BUY_TEST,6878.018959000002,7761.818959000002,0.0,0.0
2024-10-09,09:30,516640,芯片龙头ETF,SELL,600,1.485,891.0000000000001,0.008910000000000001,0.0,TEST,趋势破坏或跌破MA20,REDUCE,7769.010049000002,7769.010049000002,7.191090000000006,0.008146639511201537
2024-10-09,09:30,159732,消费电子ETF,BUY,700,1.317,921.9,0.009219,0.0,TEST,连续亏损2笔，下一笔只能测试仓,BUY_TEST,6847.100830000002,7769.000830000002,0.0,0.0
2024-10-10,09:30,159732,消费电子ETF,SELL,700,1.337,935.9,0.009359000000000001,0.0,TEST,趋势破坏或跌破MA20,REDUCE,7782.991471000002,7782.991471000002,13.990641000000013,0.01518602885345488
2024-10-11,09:30,516640,芯片龙头ETF,BUY,600,1.475,885.0,0.00885,0.0,TEST,无主仓机会时保留测试仓参与,BUY_TEST,6897.982621000002,7782.982621000002,0.0,0.0
2024-10-14,09:30,516640,芯片龙头ETF,SELL,600,1.455,873.0,0.00873,0.0,TEST,趋势破坏或跌破MA20,REDUCE,7770.9738910000015,7770.9738910000015,-12.00873000000001,-0.013559322033898313
2024-10-15,09:30,516150,稀土ETF,BUY,300,3.175,952.5,0.009525,0.29999999999996696,TEST,无主仓机会时保留测试仓参与,BUY_TEST,6818.464366000001,7770.964366000001,0.0,0.0
2024-10-16,09:30,516150,稀土ETF,SELL,300,3.206,961.8,0.009618,0.29999999999996696,TEST,趋势破坏或跌破MA20,REDUCE,7780.254748000001,7780.254748000001,9.290382000000042,0.009763779527559135
2024-10-17,09:30,512480,半导体ETF,BUY,300,3.034,910.1999999999999,0.009102,0.29999999999996696,TEST,无主仓机会时保留测试仓参与,BUY_TEST,6870.045646000001,7780.245646000001,0.0,0.0
2024-10-18,09:30,512480,半导体ETF,SELL,300,2.958,887.4000000000001,0.008874000000000002,0.29999999999996696,TEST,趋势破坏或跌破MA20,REDUCE,7757.436772000002,7757.436772000002,-22.808873999999886,-0.02504943968358586
2024-10-21,09:30,516510,云计算ETF,BUY,400,2.184,873.6,0.008736,0.4000000000001336,TEST,无主仓机会时保留测试仓参与,BUY_TEST,6883.828036000002,7757.428036000002,0.0,0.0
2024-10-22,09:30,516510,云计算ETF,SELL,400,2.192,876.8000000000001,0.008768000000000001,0.39999999999995595,TEST,趋势破坏或跌破MA20,REDUCE,7760.619268000002,7760.619268000002,3.191232000000003,0.00366300366300365
2024-10-23,09:30,515880,通信ETF,BUY,700,1.368,957.6,0.009576000000000001,0.0,TEST,无主仓机会时保留测试仓参与,BUY_TEST,6803.009692000002,7760.609692000003,0.0,0.0
2024-10-24,09:30,515880,通信ETF,SELL,700,1.353,947.1,0.009471,0.0,TEST,趋势破坏或跌破MA20,REDUCE,7750.100221000002,7750.100221000002,-10.509471000000087,-0.010964912280701844
2024-10-25,09:30,515050,5G通信ETF,BUY,700,1.333,933.1,0.009331,0.0,TEST,无主仓机会时保留测试仓参与,BUY_TEST,6816.990890000003,7750.090890000003,0.0,0.0
2024-10-28,09:30,515050,5G通信ETF,SELL,700,1.339,937.3,0.009373000000000001,0.0,TEST,趋势破坏或跌破MA20,REDUCE,7754.281517000003,7754.281517000003,4.190627000000004,0.004501125281320295
2024-10-29,09:30,516510,云计算ETF,BUY,400,2.19,876.0,0.00876,0.39999999999995595,TEST,无主仓机会时保留测试仓参与,BUY_TEST,6878.272757000003,7754.272757000003,0.0,0.0
2024-10-30,09:30,516510,云计算ETF,SELL,400,2.151,860.3999999999999,0.008603999999999999,0.4000000000001336,TEST,趋势破坏或跌破MA20,REDUCE,7738.664153000003,7738.664153000003,-15.608604000000058,-0.017808219178082285
2024-10-31,09:30,512480,半导体ETF,BUY,300,3.111,933.3000000000001,0.009333000000000001,0.3000000000001002,TEST,无主仓机会时保留测试仓参与,BUY_TEST,6805.354820000003,7738.654820000003,0.0,0.0
2024-11-01,09:30,512480,半导体ETF,SELL,300,3.068,920.4,0.009204,0.29999999999996696,TEST,趋势破坏或跌破MA20,REDUCE,7725.745616000003,7725.745616000003,-12.909204000000045,-0.013821922211507576
2024-11-04,09:30,159732,消费电子ETF,BUY,700,1.336,935.2,0.009352000000000001,0.0,TEST,连续亏损2笔，下一笔只能测试仓,BUY_TEST,6790.536264000003,7725.736264000003,0.0,0.0
2024-11-05,09:30,515880,通信ETF,BUY,700,1.416,991.1999999999999,0.009912,0.0,TEST,连续亏损2笔，下一笔只能测试仓,BUY_TEST,5799.326352000003,7727.826352000003,0.0,0.0
2024-11-06,09:30,515880,通信ETF,SELL,700,1.401,980.7,0.009807000000000001,0.0,TEST,趋势破坏或跌破MA20,REDUCE,6780.016545000003,7729.216545000003,-10.509806999999933,-0.010593220338983023
2024-11-07,09:30,159713,稀土产业ETF,BUY,800,1.224,979.1999999999999,0.009792,0.0,TEST,连续亏损3笔，暂停主仓,BUY_TEST,5800.8067530000035,7729.906753000003,0.0,0.0
2024-11-08,09:30,159713,稀土产业ETF,SELL,800,1.21,968.0,0.009680000000000001,0.0,TEST,趋势破坏或跌破MA20,REDUCE,6768.797073000003,7706.797073000003,-11.20968000000001,-0.011437908496731986
2024-11-11,09:30,159732,消费电子ETF,SELL,700,1.295,906.5,0.009065,0.0,TEST,趋势破坏或跌破MA20,REDUCE,7675.288008000003,7675.288008000003,-28.709065000000102,-0.030688622754491135
2024-11-11,09:30,516510,云计算ETF,BUY,400,2.093,837.2,0.008372000000000001,0.39999999999995595,TEST,连续亏损3笔，暂停主仓,BUY_TEST,6838.079636000003,7675.279636000003,0.0,0.0
2024-11-12,09:30,516510,云计算ETF,SELL,400,2.114,845.5999999999999,0.008456,0.4000000000001336,TEST,趋势破坏或跌破MA20,REDUCE,7683.671180000003,7683.671180000003,8.391543999999962,0.010033444816053505
2024-11-12,09:30,516640,芯片龙头ETF,BUY,600,1.463,877.8000000000001,0.008778000000000001,0.0,TEST,连续亏损3笔，暂停主仓,BUY_TEST,6805.8624020000025,7683.662402000003,0.0,0.0
2024-11-13,09:30,516640,芯片龙头ETF,SELL,600,1.438,862.8,0.008628,0.0,TEST,趋势破坏或跌破MA20,REDUCE,7668.653774000002,7668.653774000002,-15.00862800000008,-0.01708817498291193
2024-11-13,09:30,515050,5G通信ETF,BUY,2200,1.308,2877.6,0.028776000000000003,0.0,MAIN,趋势追涨：趋势、放量、组内排名满足条件,BUY_STANDARD,4791.024998000003,7668.624998000003,0.0,0.0
2024-11-14,09:30,515050,5G通信ETF,SELL,2200,1.319,2901.7999999999997,0.029018,0.0,MAIN,趋势破坏或跌破MA20,REDUCE,7692.795980000003,7692.795980000003,24.170981999999775,0.00840978593272168
2024-11-15,09:30,516640,芯片龙头ETF,BUY,600,1.441,864.6,0.008646000000000001,0.0,TEST,无主仓机会时保留测试仓参与,BUY_TEST,6828.187334000003,7692.787334000003,0.0,0.0
2024-11-18,09:30,516640,芯片龙头ETF,SELL,600,1.446,867.6,0.008676000000000001,0.0,TEST,趋势破坏或跌破MA20,REDUCE,7695.778658000003,7695.778658000003,2.991323999999936,0.003469812630117808
2024-11-19,09:30,512480,半导体ETF,BUY,300,2.926,877.8000000000001,0.008778000000000001,0.3000000000001002,TEST,无主仓机会时保留测试仓参与,BUY_TEST,6817.969880000002,7695.769880000003,0.0,0.0
2024-11-20,09:30,512480,半导体ETF,SELL,300,2.92,876.0,0.00876,0.29999999999996696,TEST,趋势破坏或跌破MA20,REDUCE,7693.961120000003,7693.961120000003,-1.8087600000000683,-0.002050580997949525
2024-11-21,09:30,516510,云计算ETF,BUY,400,2.128,851.2,0.008512,0.4000000000001336,TEST,无主仓机会时保留测试仓参与,BUY_TEST,6842.7526080000025,7693.952608000002,0.0,0.0
2024-11-22,09:30,516510,云计算ETF,SELL,400,2.098,839.1999999999999,0.008392,0.4000000000001336,TEST,趋势破坏或跌破MA20,REDUCE,7681.944216000003,7681.944216000003,-12.0083920000001,-0.014097744360902387
2024-11-25,09:30,516510,云计算ETF,BUY,400,2.128,851.2,0.008512,0.4000000000001336,TEST,连续亏损2笔，下一笔只能测试仓,BUY_TEST,6830.735704000002,7681.935704000002,0.0,0.0
2024-11-26,09:30,516510,云计算ETF,SELL,400,2.118,847.1999999999999,0.008472,0.4000000000001336,TEST,趋势破坏或跌破MA20,REDUCE,7677.927232000003,7677.927232000003,-4.008472000000093,-0.00469924812030087
2024-11-26,09:30,515050,5G通信ETF,BUY,700,1.304,912.8000000000001,0.009128,0.0,TEST,连续亏损2笔，下一笔只能测试仓,BUY_TEST,6765.118104000003,7677.918104000003,0.0,0.0
2024-11-27,09:30,515050,5G通信ETF,SELL,700,1.298,908.6,0.009086,0.0,TEST,趋势破坏或跌破MA20,REDUCE,7673.709018000003,7673.709018000003,-4.209086000000004,-0.004601226993865004
2024-11-27,09:30,516640,芯片龙头ETF,BUY,700,1.425,997.5,0.009975000000000001,0.0,TEST,连续亏损3笔，暂停主仓,BUY_TEST,6676.199043000003,7673.699043000003,0.0,0.0
2024-11-28,09:30,516640,芯片龙头ETF,SELL,700,1.443,1010.1,0.010101,0.0,TEST,趋势破坏或跌破MA20,REDUCE,7686.288942000003,7686.288942000003,12.589899000000011,0.012631578947368327
2024-11-29,09:30,512480,半导体ETF,BUY,300,2.962,888.6,0.008886000000000002,0.3000000000001002,TEST,无主仓机会时保留测试仓参与,BUY_TEST,6797.680056000003,7686.280056000003,0.0,0.0
2024-12-02,09:30,512480,半导体ETF,SELL,300,2.953,885.9,0.008859,0.3000000000001002,TEST,趋势破坏或跌破MA20,REDUCE,7683.571197000003,7683.571197000003,-2.7088590000001025,-0.0030384875084403795
2024-12-03,09:30,159732,消费电子ETF,BUY,700,1.26,882.0,0.008820000000000001,0.0,TEST,无主仓机会时保留测试仓参与,BUY_TEST,6801.562377000003,7683.562377000003,0.0,0.0
2024-12-04,09:30,159732,消费电子ETF,SELL,700,1.264,884.8,0.008848,0.0,TEST,趋势破坏或跌破MA20,REDUCE,7686.353529000003,7686.353529000003,2.7911520000000025,0.0031746031746031633
2024-12-05,09:30,515050,5G通信ETF,BUY,700,1.323,926.1,0.009261,0.0,TEST,无主仓机会时保留测试仓参与,BUY_TEST,6760.244268000002,7686.344268000003,0.0,0.0
2024-12-06,09:30,515050,5G通信ETF,SELL,700,1.289,902.3,0.009023,0.0,TEST,趋势破坏或跌破MA20,REDUCE,7662.535245000002,7662.535245000002,-23.80902300000002,-0.02569916855631149
2024-12-09,09:30,516640,芯片龙头ETF,BUY,700,1.378,964.5999999999999,0.009646,0.0,TEST,无主仓机会时保留测试仓参与,BUY_TEST,6697.925599000002,7662.525599000002,0.0,0.0
2024-12-10,09:30,516640,芯片龙头ETF,SELL,700,1.37,959.0000000000001,0.009590000000000001,0.0,TEST,趋势破坏或跌破MA20,REDUCE,7656.916009000002,7656.916009000002,-5.60958999999985,-0.005805515239477366
2024-12-11,09:30,516510,云计算ETF,BUY,400,2.137,854.8,0.008548,0.39999999999995595,TEST,连续亏损2笔，下一笔只能测试仓,BUY_TEST,6802.107461000002,7656.9074610000025,0.0,0.0
2024-12-12,09:30,516510,云计算ETF,SELL,400,2.164,865.6,0.008656,0.39999999999995595,TEST,趋势破坏或跌破MA20,REDUCE,7667.698805000003,7667.698805000003,10.791344000000054,0.01263453439401041
2024-12-13,09:30,516510,云计算ETF,BUY,400,2.133,853.2,0.008532000000000001,0.39999999999995595,TEST,无主仓机会时保留测试仓参与,BUY_TEST,6814.490273000003,7667.690273000003,0.0,0.0
2024-12-16,09:30,516510,云计算ETF,SELL,400,2.105,842.0,0.00842,0.39999999999995595,TEST,趋势破坏或跌破MA20,REDUCE,7656.481853000003,7656.481853000003,-11.20842000000001,-0.013127051101734621
2024-12-17,09:30,515050,5G通信ETF,BUY,2200,1.324,2912.8,0.029128000000000005,0.0,MAIN,趋势追涨：趋势、放量、组内排名满足条件,BUY_STANDARD,4743.652725000003,7656.452725000003,0.0,0.0
2024-12-18,09:30,515050,5G通信ETF,SELL,2200,1.299,2857.7999999999997,0.028578,0.0,MAIN,趋势破坏或跌破MA20,REDUCE,7601.424147000002,7601.424147000002,-55.028578000000294,-0.018882175226586195
2024-12-19,09:30,516510,云计算ETF,BUY,400,2.146,858.4,0.008584,0.39999999999995595,TEST,连续亏损2笔，下一笔只能测试仓,BUY_TEST,6743.015563000003,7601.415563000002,0.0,0.0
2024-12-20,09:30,516510,云计算ETF,SELL,400,2.125,850.0,0.0085,0.39999999999995595,TEST,趋势破坏或跌破MA20,REDUCE,7593.007063000003,7593.007063000003,-8.408499999999963,-0.009785647716682111
2024-12-20,09:30,159819,人工智能ETF,BUY,600,1.501,900.5999999999999,0.009006,0.0,TEST,连续亏损2笔，下一笔只能测试仓,BUY_TEST,6692.398057000003,7592.9980570000025,0.0,0.0
2024-12-23,09:30,159819,人工智能ETF,SELL,600,1.453,871.8000000000001,0.008718000000000002,0.0,TEST,趋势破坏或跌破MA20,REDUCE,7564.189339000003,7564.189339000003,-28.80871799999989,-0.03197868087941358
2024-12-23,09:30,159732,消费电子ETF,BUY,700,1.336,935.2,0.009352000000000001,0.0,TEST,连续亏损3笔，暂停主仓,BUY_TEST,6628.979987000003,7564.179987000003,0.0,0.0
2024-12-24,09:30,159732,消费电子ETF,SELL,700,1.338,936.6,0.009366000000000001,0.0,TEST,趋势破坏或跌破MA20,REDUCE,7565.5706210000035,7565.5706210000035,1.3906340000000013,0.0014970059880239361
2024-12-24,09:30,515050,5G通信ETF,BUY,700,1.297,907.9,0.009079,0.0,TEST,连续亏损3笔，暂停主仓,BUY_TEST,6657.6615420000035,7565.561542000003,0.0,0.0
2024-12-25,09:30,515050,5G通信ETF,SELL,700,1.31,917.0,0.009170000000000001,0.0,TEST,趋势破坏或跌破MA20,REDUCE,7574.652372000003,7574.652372000003,9.090830000000087,0.010023130300693905
2024-12-26,09:30,515880,通信ETF,BUY,2100,1.421,2984.1,0.029841000000000003,0.0,MAIN,趋势追涨：趋势、放量、组内排名满足条件,BUY_STANDARD,4590.522531000003,7574.622531000003,0.0,0.0
2025-01-07,09:30,159732,消费电子ETF,BUY,2200,1.361,2994.2,0.029942,0.0,MAIN,趋势追涨：趋势、放量、组内排名满足条件,BUY_STANDARD,1596.2925890000033,7690.092589000003,0.0,0.0
2025-02-11,09:30,515880,通信ETF,SELL,2100,1.62,3402.0,0.03402,0.0,MAIN,趋势破坏或跌破MA20,REDUCE,4998.258569000003,8133.258569000003,417.86598000000015,0.14004222378606612
2025-02-11,09:30,159732,消费电子ETF,SELL,2200,1.399,3077.8,0.030778000000000003,0.0,MAIN,趋势破坏或跌破MA20,REDUCE,8076.027791000004,8076.027791000004,83.56922200000008,0.02792064658339455
2025-02-12,09:30,515880,通信ETF,BUY,1200,1.604,1924.8000000000002,0.019248000000000005,0.0,MAIN,强趋势回调低吸：中期趋势未破且回撤到MA20附近,BUY_LIGHT,6151.208543000004,8076.0085430000045,0.0,0.0
2025-02-13,09:30,515880,通信ETF,SELL,1200,1.611,1933.2,0.019332000000000002,0.0,MAIN,趋势破坏或跌破MA20,REDUCE,8084.389211000004,8084.389211000004,8.380667999999874,0.00436408977556102
2025-02-13,09:30,159995,芯片ETF,BUY,2900,1.021,2960.8999999999996,0.029609,0.0,MAIN,趋势追涨：趋势、放量、组内排名满足条件,BUY_STANDARD,5123.459602000004,8084.359602000004,0.0,0.0
2025-02-14,09:30,159995,芯片ETF,SELL,2900,1.053,3053.7,0.030537,0.0,MAIN,趋势破坏或跌破MA20,REDUCE,8177.129065000005,8177.129065000005,92.76946300000009,0.03134182174338895
2025-02-17,09:30,159732,消费电子ETF,BUY,1400,1.397,1955.8,0.019558000000000002,0.0,MAIN,强趋势回调低吸：中期趋势未破且回撤到MA20附近,BUY_LIGHT,6221.3095070000045,8177.109507000005,0.0,0.0
2025-02-18,09:30,159732,消费电子ETF,SELL,1400,1.408,1971.1999999999998,0.019712,0.0,MAIN,趋势破坏或跌破MA20,REDUCE,8192.489795000005,8192.489795000005,15.380287999999858,0.007874015748031482
2025-02-18,09:30,159819,人工智能ETF,BUY,1800,1.589,2860.2,0.028602,0.0,MAIN,趋势追涨：趋势、放量、组内排名满足条件,BUY_STANDARD,5332.261193000006,8192.461193000006,0.0,0.0
2025-02-19,09:30,159732,消费电子ETF,BUY,1400,1.405,1967.0,0.01967,0.0,MAIN,强趋势回调低吸：中期趋势未破且回撤到MA20附近,BUY_LIGHT,3365.241523000006,8188.841523000006,0.0,0.0
2025-02-20,09:30,159732,消费电子ETF,SELL,1400,1.401,1961.4,0.019614000000000003,0.0,MAIN,趋势破坏或跌破MA20,REDUCE,5326.621909000006,8206.621909000005,-5.619614000000005,-0.002846975088968029
2025-02-21,09:30,159995,芯片ETF,BUY,2700,1.111,2999.7,0.029997,0.0,MAIN,趋势追涨：趋势、放量、组内排名满足条件,BUY_STANDARD,2326.891912000006,8246.191912000006,0.0,0.0
2025-03-27,09:30,159995,芯片ETF,SELL,2700,1.129,3048.3,0.030483000000000003,0.0,MAIN,趋势破坏或跌破MA20,REDUCE,5375.161429000006,8629.561429000007,48.56951700000005,0.016201620162016317
2025-03-28,09:30,516640,芯片龙头ETF,BUY,2000,1.476,2952.0,0.02952,0.0,MAIN,趋势追涨：趋势、放量、组内排名满足条件,BUY_STANDARD,2423.131909000006,8620.531909000005,0.0,0.0
2025-04-10,09:30,159819,人工智能ETF,SELL,1800,1.8,3240.0,0.032400000000000005,1.7999999999998018,MAIN,趋势破坏或跌破MA20,REDUCE,5663.099509000006,8641.099509000007,379.76760000000013,0.13278791692888614
2025-04-11,09:30,159732,消费电子ETF,BUY,1800,1.616,2908.8,0.029088000000000003,0.0,MAIN,趋势追涨：趋势、放量、组内排名满足条件,BUY_STANDARD,2754.270421000006,8621.070421000006,0.0,0.0
2025-04-16,09:30,516640,芯片龙头ETF,SELL,2000,1.426,2852.0,0.028520000000000004,0.0,MAIN,趋势破坏或跌破MA20,REDUCE,5606.241901000007,8527.641901000006,-100.02852000000009,-0.03387533875338755
2025-04-17,09:30,588200,科创芯片ETF,BUY,3700,0.801,2963.7000000000003,0.029637000000000004,0.0,MAIN,趋势追涨：趋势、放量、组内排名满足条件,BUY_STANDARD,2642.5122640000063,8482.612264000007,0.0,0.0
2025-04-24,09:30,159732,消费电子ETF,SELL,1800,1.644,2959.2,0.029592,0.0,MAIN,趋势破坏或跌破MA20,REDUCE,5601.682672000006,8668.982672000006,50.37040799999964,0.01732673267326712
2025-04-25,09:30,515260,电子ETF,BUY,3100,0.949,2941.8999999999996,0.029418999999999997,0.0,MAIN,趋势追涨：趋势、放量、组内排名满足条件,BUY_STANDARD,2659.7532530000067,8683.753253000006,0.0,0.0
2025-05-06,09:30,588200,科创芯片ETF,SELL,3700,0.805,2978.5,0.029785000000000002,0.0,MAIN,趋势破坏或跌破MA20,REDUCE,5638.2234680000065,8660.723468000007,14.770215000000013,0.004993757802746579
2025-05-07,09:30,159713,稀土产业ETF,BUY,2000,1.444,2888.0,0.028880000000000003,0.0,MAIN,趋势追涨：趋势、放量、组内排名满足条件,BUY_STANDARD,2750.1945880000067,8614.194588000006,0.0,0.0
2025-05-12,09:30,515260,电子ETF,SELL,3100,0.947,2935.7,0.029357,0.0,MAIN,趋势破坏或跌破MA20,REDUCE,5685.865231000007,8651.865231000007,-6.229357000000006,-0.0021074815595363283
2025-05-13,09:30,515260,电子ETF,BUY,2100,0.949,1992.8999999999999,0.019929,0.0,MAIN,强趋势回调低吸：中期趋势未破且回撤到MA20附近,BUY_LIGHT,3692.9453020000074,8639.845302000007,0.0,0.0
2025-05-21,09:30,515260,电子ETF,SELL,2100,0.931,1955.1000000000001,0.019551000000000002,0.0,MAIN,趋势破坏或跌破MA20,REDUCE,5648.025751000007,8644.025751000008,-37.8195509999998,-0.018967334035827066
2025-05-22,09:30,516640,芯片龙头ETF,BUY,600,1.529,917.4,0.009174,0.0,TEST,连续亏损2笔，下一笔只能测试仓,BUY_TEST,4730.616577000007,8666.016577000008,0.0,0.0
2025-05-30,09:30,159713,稀土产业ETF,SELL,2000,1.436,2872.0,0.028720000000000002,0.0,MAIN,趋势破坏或跌破MA20,REDUCE,7602.587857000008,8545.787857000008,-16.028720000000014,-0.005540166204986208
2025-06-02,09:30,159995,芯片ETF,BUY,700,1.338,936.6,0.009366000000000001,0.0,TEST,连续亏损3笔，暂停主仓,BUY_TEST,6665.978491000008,8544.578491000007,0.0,0.0
2025-06-12,09:30,516640,芯片龙头ETF,SELL,600,1.494,896.4,0.008964,0.0,TEST,趋势破坏或跌破MA20,REDUCE,7562.369527000008,8491.269527000008,-21.00896399999995,-0.022890778286461688
2025-06-16,09:30,515880,通信ETF,BUY,500,1.981,990.5,0.009905,0.500000000000056,TEST,连续亏损3笔，暂停主仓,BUY_TEST,6571.859622000008,8498.259622000009,0.0,0.0
2025-06-20,09:30,515880,通信ETF,SELL,500,1.974,987.0,0.00987,0.500000000000056,TEST,趋势破坏或跌破MA20,REDUCE,7558.849752000008,8514.34975200001,-3.5098700000000584,-0.0035335689045936647
2025-06-23,09:30,159713,稀土产业ETF,BUY,600,1.485,891.0000000000001,0.008910000000000001,0.0,TEST,连续亏损3笔，暂停主仓,BUY_TEST,6667.840842000008,8530.440842000007,0.0,0.0
2025-06-24,09:30,159713,稀土产业ETF,SELL,600,1.501,900.5999999999999,0.009006,0.0,TEST,趋势破坏或跌破MA20,REDUCE,7568.431836000008,8513.431836000009,9.590993999999876,0.010774410774410548
2025-06-26,09:30,515260,电子ETF,BUY,3000,0.996,2988.0,0.029880000000000004,0.0,MAIN,趋势追涨：趋势、放量、组内排名满足条件,BUY_STANDARD,4580.401956000008,8536.501956000007,0.0,0.0
2025-07-11,09:30,515260,电子ETF,SELL,3000,0.978,2934.0,0.02934,0.0,MAIN,趋势破坏或跌破MA20,REDUCE,7514.372616000008,8527.272616000007,-54.02934000000005,-0.01807228915662651
2025-07-14,09:30,515880,通信ETF,BUY,1400,2.131,2983.3999999999996,0.029834,1.3999999999998458,MAIN,趋势追涨：趋势、放量、组内排名满足条件,BUY_STANDARD,4530.942782000008,8527.942782000007,0.0,0.0
2025-07-17,09:30,159995,芯片ETF,SELL,700,1.425,997.5,0.009975000000000001,0.0,TEST,趋势破坏或跌破MA20,REDUCE,5528.432807000008,8488.032807000009,60.89002499999998,0.06502242152466375
2025-07-18,09:30,159995,芯片ETF,BUY,2100,1.418,2977.7999999999997,0.029778,0.0,MAIN,趋势追涨：趋势、放量、组内排名满足条件,BUY_STANDARD,2550.6030290000085,8476.803029000008,0.0,0.0
2025-07-24,09:30,159995,芯片ETF,SELL,2100,1.414,2969.3999999999996,0.029693999999999998,0.0,MAIN,趋势破坏或跌破MA20,REDUCE,5519.973335000008,8485.173335000007,-8.429694000000007,-0.0028208744710860323
2025-08-01,09:30,516150,稀土ETF,BUY,1100,2.701,2971.1,0.029711,1.0999999999998789,MAIN,趋势追涨：趋势、放量、组内排名满足条件,BUY_STANDARD,2548.843624000008,8486.543624000009,0.0,0.0
2025-08-04,09:30,515880,通信ETF,SELL,1400,2.072,2900.8,0.029008000000000003,1.3999999999998458,MAIN,趋势破坏或跌破MA20,REDUCE,5449.614616000008,8426.214616000008,-82.62900799999962,-0.027686532144532983
2025-08-05,09:30,159819,人工智能ETF,BUY,400,2.0,800.0,0.008,0.39999999999995595,TEST,连续亏损2笔，下一笔只能测试仓,BUY_TEST,4649.606616000008,8427.306616000009,0.0,0.0
2025-08-08,09:30,516150,稀土ETF,SELL,1100,2.653,2918.3,0.029183000000000004,1.0999999999998789,MAIN,趋势破坏或跌破MA20,REDUCE,7567.877433000009,8353.07743300001,-52.82918300000005,-0.0177711958533876
2025-08-08,09:30,159819,人工智能ETF,SELL,400,1.932,772.8,0.0077280000000000005,0.40000000000004476,TEST,趋势破坏或跌破MA20,REDUCE,8340.66970500001,8340.66970500001,-27.207728000000024,-0.03400000000000003
2025-08-11,09:30,515260,电子ETF,BUY,1000,0.996,996.0,0.00996,0.0,TEST,连续亏损3笔，暂停主仓,BUY_TEST,7344.659745000009,8340.659745000008,0.0,0.0
2025-08-12,09:30,159732,消费电子ETF,BUY,500,1.77,885.0,0.00885,0.500000000000056,TEST,连续亏损3笔，暂停主仓,BUY_TEST,6459.650895000009,8337.65089500001,0.0,0.0
2025-08-13,09:30,159732,消费电子ETF,SELL,500,1.686,843.0,0.00843,0.500000000000056,TEST,趋势破坏或跌破MA20,REDUCE,7302.642465000009,8303.642465000008,-42.00843000000003,-0.0474576271186441
2025-08-14,09:30,516640,芯片龙头ETF,BUY,600,1.604,962.4000000000001,0.009624000000000002,0.0,TEST,连续亏损3笔，暂停主仓,BUY_TEST,6340.232841000009,8283.63284100001,0.0,0.0
2025-08-15,09:30,515260,电子ETF,SELL,1000,0.948,948.0,0.00948,0.0,TEST,趋势破坏或跌破MA20,REDUCE,7288.223361000009,8247.023361000009,-48.009480000000046,-0.048192771084337394
2025-08-18,09:30,159732,消费电子ETF,BUY,500,1.727,863.5,0.008635,0.500000000000056,TEST,连续亏损3笔，暂停主仓,BUY_TEST,6424.714726000009,8238.614726000009,0.0,0.0
2025-08-19,09:30,159732,消费电子ETF,SELL,500,1.719,859.5,0.008595,0.49999999999994493,TEST,趋势破坏或跌破MA20,REDUCE,7284.206131000009,8246.00613100001,-4.008595000000003,-0.00463231036479439
2025-08-20,09:30,515050,5G通信ETF,BUY,600,1.623,973.8,0.009738,0.0,TEST,连续亏损3笔，暂停主仓,BUY_TEST,6310.396393000009,8230.996393000009,0.0,0.0
2025-08-22,09:30,516640,芯片龙头ETF,SELL,600,1.548,928.8000000000001,0.009288000000000001,0.0,TEST,趋势破坏或跌破MA20,REDUCE,7239.187105000009,8215.98710500001,-33.60928800000003,-0.034912718204488824
2025-08-25,09:30,512480,半导体ETF,BUY,300,2.596,778.8000000000001,0.0077880000000000015,0.29999999999996696,TEST,连续亏损3笔，暂停主仓,BUY_TEST,6460.379317000009,8218.37931700001,0.0,0.0
2025-08-26,09:30,512480,半导体ETF,SELL,300,2.589,776.7,0.007767000000000001,0.29999999999996696,TEST,趋势破坏或跌破MA20,REDUCE,7237.071550000009,8243.871550000009,-2.107767000000035,-0.0026964560862866582
2025-08-28,09:30,515880,通信ETF,BUY,400,2.238,895.2,0.008952000000000002,0.39999999999995595,TEST,连续亏损3笔，暂停主仓,BUY_TEST,6341.862598000009,8252.862598000009,0.0,0.0
2025-09-08,09:30,515050,5G通信ETF,SELL,600,1.643,985.8,0.009858,0.0,TEST,趋势破坏或跌破MA20,REDUCE,7327.652740000009,8254.452740000008,11.990142000000011,0.012322858903265566
2025-09-09,09:30,159713,稀土产业ETF,BUY,1800,1.612,2901.6000000000004,0.029016000000000007,0.0,MAIN,趋势追涨：趋势、放量、组内排名满足条件,BUY_STANDARD,4426.023724000008,8258.423724000007,0.0,0.0
2025-09-15,09:30,159713,稀土产业ETF,SELL,1800,1.624,2923.2000000000003,0.029232000000000005,0.0,MAIN,趋势破坏或跌破MA20,REDUCE,7349.194492000008,8314.394492000009,21.57076800000002,0.007444168734491274
2025-09-16,09:30,159713,稀土产业ETF,BUY,1200,1.639,1966.8,0.019668,0.0,MAIN,强趋势回调低吸：中期趋势未破且回撤到MA20附近,BUY_LIGHT,5382.374824000008,8304.774824000007,0.0,0.0
2025-10-03,09:30,159713,稀土产业ETF,SELL,1200,1.618,1941.6000000000001,0.019416000000000003,0.0,MAIN,趋势破坏或跌破MA20,REDUCE,7323.955408000008,8294.355408000009,-25.21941599999989,-0.01281269066503965
2025-10-06,09:30,515050,5G通信ETF,BUY,1200,1.649,1978.8,0.019788,0.0,MAIN,强趋势回调低吸：中期趋势未破且回撤到MA20附近,BUY_LIGHT,5345.135620000008,8284.735620000009,0.0,0.0
2025-10-07,09:30,515050,5G通信ETF,SELL,1200,1.631,1957.2,0.019572000000000003,0.0,MAIN,趋势破坏或跌破MA20,REDUCE,7302.316048000008,8272.716048000008,-21.61957200000002,-0.01091570648878104
2025-10-08,09:30,515880,通信ETF,SELL,400,2.446,978.4000000000001,0.009784000000000001,0.39999999999995595,TEST,趋势破坏或跌破MA20,REDUCE,8280.706264000008,8280.706264000008,83.19021600000008,0.09294012511170702
2025-10-08,09:30,512480,半导体ETF,BUY,300,2.736,820.8000000000001,0.008208000000000002,0.3000000000001002,TEST,连续亏损2笔，下一笔只能测试仓,BUY_TEST,7459.898056000007,8280.698056000007,0.0,0.0
2025-10-10,09:30,515050,5G通信ETF,BUY,1200,1.624,1948.8000000000002,0.019488000000000002,0.0,MAIN,强趋势回调低吸：中期趋势未破且回撤到MA20附近,BUY_LIGHT,5511.078568000007,8285.778568000007,0.0,0.0
2025-10-13,09:30,515050,5G通信ETF,SELL,1200,1.633,1959.6,0.019596000000000002,0.0,MAIN,趋势破坏或跌破MA20,REDUCE,7470.6589720000065,8320.858972000007,10.780403999999876,0.005541871921182162
2025-10-14,09:30,159713,稀土产业ETF,BUY,1600,1.792,2867.2000000000003,0.028672000000000007,1.600000000000179,MAIN,趋势追涨：趋势、放量、组内排名满足条件,BUY_STANDARD,4603.430300000006,8298.030300000006,0.0,0.0
2025-10-24,09:30,159713,稀土产业ETF,SELL,1600,1.677,2683.2000000000003,0.026832000000000005,1.5999999999998238,MAIN,趋势破坏或跌破MA20,REDUCE,7286.603468000007,8116.103468000007,-184.026832,-0.0641741071428571
2025-10-28,09:30,159713,稀土产业ETF,BUY,1100,1.7,1870.0,0.0187,1.0999999999998789,MAIN,强趋势回调低吸：中期趋势未破且回撤到MA20附近,BUY_LIGHT,5416.584768000006,8107.084768000006,0.0,0.0
2025-10-29,09:30,512480,半导体ETF,SELL,300,2.74,822.0000000000001,0.008220000000000002,0.29999999999996696,TEST,趋势破坏或跌破MA20,REDUCE,6238.576548000006,8097.576548000006,1.1917800000000012,0.0014619883040936088
2025-10-29,09:30,159713,稀土产业ETF,SELL,1100,1.657,1822.7,0.018227000000000004,0.0,MAIN,趋势破坏或跌破MA20,REDUCE,8061.258321000007,8061.258321000007,-47.31822699999992,-0.0252941176470588
2025-10-30,09:30,512480,半导体ETF,BUY,700,2.698,1888.6,0.018886,0.6999999999999229,MAIN,强趋势回调低吸：中期趋势未破且回撤到MA20附近,BUY_LIGHT,6172.639435000006,8061.239435000007,0.0,0.0
2025-10-31,09:30,512480,半导体ETF,SELL,700,2.687,1880.8999999999999,0.018809,0.7000000000002338,MAIN,趋势破坏或跌破MA20,REDUCE,8053.520626000007,8053.520626000007,-7.718809000000085,-0.0040770941438103
2025-11-03,09:30,159732,消费电子ETF,BUY,500,1.736,868.0,0.00868,0.49999999999994493,TEST,连续亏损2笔，下一笔只能测试仓,BUY_TEST,7185.511946000007,8053.511946000007,0.0,0.0
2025-11-04,09:30,159732,消费电子ETF,SELL,500,1.738,869.0,0.008690000000000002,0.500000000000056,TEST,趋势破坏或跌破MA20,REDUCE,8054.503256000007,8054.503256000007,0.9913100000000009,0.0011520737327188613
2025-11-04,09:30,159713,稀土产业ETF,BUY,500,1.713,856.5,0.008565000000000001,0.500000000000056,TEST,连续亏损2笔，下一笔只能测试仓,BUY_TEST,7197.994691000007,8054.494691000007,0.0,0.0
2025-11-06,09:30,159713,稀土产业ETF,SELL,500,1.696,848.0,0.008480000000000001,0.500000000000056,TEST,趋势破坏或跌破MA20,REDUCE,8045.986211000007,8045.986211000007,-8.508480000000064,-0.009924109748978505
2025-11-07,09:30,159819,人工智能ETF,BUY,1000,1.951,1951.0,0.019510000000000003,1.000000000000112,MAIN,强趋势回调低吸：中期趋势未破且回撤到MA20附近,BUY_LIGHT,6094.966701000007,8045.966701000007,0.0,0.0
2025-11-10,09:30,159819,人工智能ETF,SELL,1000,1.959,1959.0,0.019590000000000003,0.9999999999998899,MAIN,趋势破坏或跌破MA20,REDUCE,8053.947111000007,8053.947111000007,7.980410000000007,0.004100461301896452
2025-11-10,09:30,159713,稀土产业ETF,BUY,1100,1.778,1955.8,0.019558000000000002,1.100000000000123,MAIN,强趋势回调低吸：中期趋势未破且回撤到MA20附近,BUY_LIGHT,6098.127553000007,8053.927553000007,0.0,0.0
2025-11-11,09:30,159732,消费电子ETF,BUY,1700,1.743,2963.1000000000004,0.029631000000000005,1.7000000000001902,MAIN,趋势追涨：趋势、放量、组内排名满足条件,BUY_STANDARD,3134.9979220000064,8038.497922000006,0.0,0.0
2025-11-12,09:30,159713,稀土产业ETF,SELL,1100,1.695,1864.5,0.018645000000000002,1.0999999999998789,MAIN,趋势破坏或跌破MA20,REDUCE,4999.479277000006,7945.579277000006,-91.31864499999996,-0.046681664791900945
2025-11-12,09:30,159732,消费电子ETF,SELL,1700,1.752,2978.4,0.029784000000000005,1.6999999999998128,MAIN,趋势破坏或跌破MA20,REDUCE,7977.849493000006,7977.849493000006,15.270215999999825,0.005163511187607606
2025-11-13,09:30,159819,人工智能ETF,BUY,1400,2.047,2865.8,0.028658000000000003,1.4000000000004675,MAIN,趋势追涨：趋势、放量、组内排名满足条件,BUY_STANDARD,5112.020835000006,7977.820835000006,0.0,0.0
2025-11-14,09:30,512480,半导体ETF,BUY,1000,2.821,2821.0,0.028210000000000002,1.000000000000334,MAIN,趋势追涨：趋势、放量、组内排名满足条件,BUY_STANDARD,2290.992625000006,7967.992625000006,0.0,0.0
2025-11-20,09:30,159819,人工智能ETF,SELL,1400,1.956,2738.4,0.027384000000000002,1.4000000000001567,MAIN,趋势破坏或跌破MA20,REDUCE,5029.365241000006,7998.365241000006,-127.42738400000026,-0.044455300439667944
2025-11-21,09:30,159819,人工智能ETF,BUY,1000,1.983,1983.0,0.01983,1.000000000000112,MAIN,强趋势回调低吸：中期趋势未破且回撤到MA20附近,BUY_LIGHT,3046.3454110000057,8003.345411000006,0.0,0.0
2025-11-26,09:30,159819,人工智能ETF,SELL,1000,1.99,1990.0,0.0199,1.000000000000112,MAIN,趋势破坏或跌破MA20,REDUCE,5036.3255110000055,7969.3255110000055,6.980099999999895,0.0035300050428643814
2025-11-27,09:30,159732,消费电子ETF,BUY,1500,1.891,2836.5,0.028365,1.5000000000001679,MAIN,趋势追涨：趋势、放量、组内排名满足条件,BUY_STANDARD,2199.7971460000053,7964.297146000005,0.0,0.0
2025-12-03,09:30,512480,半导体ETF,SELL,1000,2.826,2826.0,0.028260000000000004,0.9999999999998899,MAIN,趋势破坏或跌破MA20,REDUCE,5025.768886000005,7871.268886000005,4.971739999999893,0.0017724211272598378
2025-12-04,09:30,159713,稀土产业ETF,BUY,1600,1.822,2915.2000000000003,0.029152000000000004,1.600000000000179,MAIN,趋势追涨：趋势、放量、组内排名满足条件,BUY_STANDARD,2110.539734000005,7830.739734000006,0.0,0.0
2025-12-08,09:30,159732,消费电子ETF,SELL,1500,1.793,2689.5,0.026895000000000002,1.5000000000001679,MAIN,趋势破坏或跌破MA20,REDUCE,4800.0128390000045,7729.612839000005,-147.02689500000014,-0.05182443151771554
2025-12-10,09:30,159819,人工智能ETF,BUY,1400,2.021,2829.4,0.028294000000000003,1.3999999999998458,MAIN,趋势追涨：趋势、放量、组内排名满足条件,BUY_STANDARD,1970.5845450000043,7785.584545000004,0.0,0.0
2025-12-12,09:30,159819,人工智能ETF,SELL,1400,2.02,2828.0,0.028280000000000003,1.3999999999998458,MAIN,趋势破坏或跌破MA20,REDUCE,4798.556265000005,7806.556265000005,-1.428279999999846,-0.0004948045522018552
2025-12-15,09:30,515880,通信ETF,BUY,400,2.243,897.1999999999999,0.008972,0.39999999999995595,TEST,连续亏损2笔，下一笔只能测试仓,BUY_TEST,3901.347293000005,7836.947293000005,0.0,0.0
2025-12-16,09:30,515880,通信ETF,SELL,400,2.228,891.2,0.008912000000000002,0.39999999999995595,TEST,趋势破坏或跌破MA20,REDUCE,4792.538381000005,7798.938381000005,-6.008911999999872,-0.006687472135532668
2025-12-25,09:30,159732,消费电子ETF,BUY,500,1.847,923.5,0.009235,0.49999999999994493,TEST,连续亏损3笔，暂停主仓,BUY_TEST,3869.029146000005,7915.729146000005,0.0,0.0
2025-12-26,09:30,159732,消费电子ETF,SELL,500,1.863,931.5,0.009315,0.500000000000056,TEST,趋势破坏或跌破MA20,REDUCE,4800.519831000005,7947.719831000006,7.990685000000007,0.008662696264212233
2025-12-29,09:30,159732,消费电子ETF,BUY,1000,1.836,1836.0,0.01836,1.000000000000112,MAIN,强趋势回调低吸：中期趋势未破且回撤到MA20附近,BUY_LIGHT,2964.501471000005,7901.301471000004,0.0,0.0
2025-12-30,09:30,159732,消费电子ETF,SELL,1000,1.843,1843.0,0.018430000000000002,1.000000000000112,MAIN,趋势破坏或跌破MA20,REDUCE,4807.483041000005,7879.483041000005,6.981569999999895,0.0038126361655772545
2026-01-06,09:30,159713,稀土产业ETF,SELL,1600,1.922,3075.2,0.030752,1.600000000000179,MAIN,趋势破坏或跌破MA20,REDUCE,7882.652289000005,7882.652289000005,159.96924799999977,0.05488474204171223
2026-01-07,09:30,159732,消费电子ETF,BUY,500,1.89,945.0,0.00945,0.49999999999994493,TEST,无主仓机会时保留测试仓参与,BUY_TEST,6937.642839000006,7882.642839000006,0.0,0.0
2026-01-12,09:30,159713,稀土产业ETF,BUY,1000,1.866,1866.0,0.018660000000000003,1.000000000000112,MAIN,强趋势回调低吸：中期趋势未破且回撤到MA20附近,BUY_LIGHT,5071.624179000006,7896.624179000006,0.0,0.0
2026-01-13,09:30,159713,稀土产业ETF,SELL,1000,1.884,1884.0,0.018840000000000003,1.000000000000112,MAIN,趋势破坏或跌破MA20,REDUCE,6955.605339000006,7916.605339000006,17.981159999999793,0.009646302250803762
2026-01-15,09:30,159732,消费电子ETF,SELL,500,1.891,945.5,0.009455000000000002,0.49999999999994493,TEST,趋势破坏或跌破MA20,REDUCE,7901.095884000006,7901.095884000006,0.49054500000005596,0.0005291005291006012
2026-01-16,09:30,515880,通信ETF,BUY,400,2.12,848.0,0.008480000000000001,0.39999999999995595,TEST,无主仓机会时保留测试仓参与,BUY_TEST,7053.087404000005,7901.087404000005,0.0,0.0
2026-01-19,09:30,515880,通信ETF,SELL,400,2.105,842.0,0.00842,0.39999999999995595,TEST,趋势破坏或跌破MA20,REDUCE,7895.078984000005,7895.078984000005,-6.00842000000005,-0.007075471698113289
2026-01-19,09:30,159732,消费电子ETF,BUY,1000,1.832,1832.0,0.018320000000000003,1.000000000000112,MAIN,强趋势回调低吸：中期趋势未破且回撤到MA20附近,BUY_LIGHT,6063.060664000005,7895.060664000005,0.0,0.0
2026-01-20,09:30,159732,消费电子ETF,SELL,1000,1.815,1815.0,0.018150000000000003,1.000000000000112,MAIN,趋势破坏或跌破MA20,REDUCE,7878.042514000005,7878.042514000005,-17.018150000000126,-0.00927947598253287
2026-01-20,09:30,159713,稀土产业ETF,BUY,1000,1.908,1908.0,0.019080000000000003,0.9999999999998899,MAIN,强趋势回调低吸：中期趋势未破且回撤到MA20附近,BUY_LIGHT,5970.023434000005,7878.023434000005,0.0,0.0
2026-01-21,09:30,159713,稀土产业ETF,SELL,1000,1.878,1878.0,0.01878,1.000000000000112,MAIN,趋势破坏或跌破MA20,REDUCE,7848.004654000005,7848.004654000005,-30.018780000000028,-0.01572327044025157
2026-01-21,09:30,159819,人工智能ETF,BUY,500,1.902,951.0,0.009510000000000001,0.49999999999994493,TEST,连续亏损2笔，下一笔只能测试仓,BUY_TEST,6896.995144000005,7847.995144000005,0.0,0.0
2026-01-22,09:30,159819,人工智能ETF,SELL,500,1.903,951.5,0.009515000000000001,0.49999999999994493,TEST,趋势破坏或跌破MA20,REDUCE,7848.485629000005,7848.485629000005,0.49048500000005596,0.000525762355415349
2026-01-22,09:30,159713,稀土产业ETF,BUY,500,1.89,945.0,0.00945,0.49999999999994493,TEST,连续亏损3笔，暂停主仓,BUY_TEST,6903.476179000005,7848.476179000005,0.0,0.0
2026-01-23,09:30,159713,稀土产业ETF,SELL,500,1.877,938.5,0.009385000000000001,0.49999999999994493,TEST,趋势破坏或跌破MA20,REDUCE,7841.9667940000045,7841.9667940000045,-6.50938499999995,-0.006878306878306817
2026-01-26,09:30,516640,芯片龙头ETF,BUY,700,1.416,991.1999999999999,0.009912,0.0,TEST,无主仓机会时保留测试仓参与,BUY_TEST,6850.756882000004,7841.956882000004,0.0,0.0
2026-01-27,09:30,516640,芯片龙头ETF,SELL,700,1.433,1003.1,0.010031000000000002,0.0,TEST,趋势破坏或跌破MA20,REDUCE,7853.846851000004,7853.846851000004,11.889969000000088,0.012005649717514277
2026-01-28,09:30,159713,稀土产业ETF,BUY,1000,1.856,1856.0,0.01856,1.000000000000112,MAIN,强趋势回调低吸：中期趋势未破且回撤到MA20附近,BUY_LIGHT,5997.828291000003,7853.828291000003,0.0,0.0
2026-01-29,09:30,159713,稀土产业ETF,SELL,1000,1.837,1837.0,0.01837,1.000000000000112,MAIN,趋势破坏或跌破MA20,REDUCE,7834.809921000004,7834.809921000004,-19.01837000000013,-0.010237068965517349
2026-01-30,09:30,159819,人工智能ETF,BUY,500,1.903,951.5,0.009515000000000001,0.500000000000056,TEST,无主仓机会时保留测试仓参与,BUY_TEST,6883.300406000004,7834.800406000004,0.0,0.0
2026-02-02,09:30,159819,人工智能ETF,SELL,500,1.913,956.5,0.009565,0.49999999999994493,TEST,趋势破坏或跌破MA20,REDUCE,7839.790841000004,7839.790841000004,4.990435000000004,0.005254860746190193
2026-02-03,09:30,512480,半导体ETF,BUY,300,2.523,756.9000000000001,0.007569000000000002,0.3000000000001002,TEST,无主仓机会时保留测试仓参与,BUY_TEST,7082.883272000004,7839.783272000004,0.0,0.0
2026-02-04,09:30,512480,半导体ETF,SELL,300,2.557,767.1,0.007671000000000001,0.29999999999996696,TEST,趋势破坏或跌破MA20,REDUCE,7849.975601000004,7849.975601000004,10.192328999999942,0.013476020610384332
2026-02-05,09:30,512480,半导体ETF,BUY,400,2.473,989.1999999999999,0.009892,0.39999999999995595,TEST,无主仓机会时保留测试仓参与,BUY_TEST,6860.765709000004,7849.965709000004,0.0,0.0
2026-02-06,09:30,512480,半导体ETF,SELL,400,2.474,989.6000000000001,0.009896000000000002,0.39999999999995595,TEST,趋势破坏或跌破MA20,REDUCE,7850.355813000004,7850.355813000004,0.39010400000013357,0.00040436716538638784
2026-02-09,09:30,516510,云计算ETF,BUY,500,1.916,958.0,0.00958,0.49999999999994493,TEST,无主仓机会时保留测试仓参与,BUY_TEST,6892.346233000004,7850.346233000004,0.0,0.0
2026-02-10,09:30,516510,云计算ETF,SELL,500,1.899,949.5,0.009495,0.49999999999994493,TEST,趋势破坏或跌破MA20,REDUCE,7841.836738000004,7841.836738000004,-8.509494999999951,-0.008872651356993666
2026-02-11,09:30,159732,消费电子ETF,BUY,500,1.674,837.0,0.00837,0.49999999999994493,TEST,无主仓机会时保留测试仓参与,BUY_TEST,7004.828368000004,7841.828368000004,0.0,0.0
2026-02-12,09:30,159732,消费电子ETF,SELL,500,1.65,825.0,0.00825,0.0,TEST,趋势破坏或跌破MA20,REDUCE,7829.820118000004,7829.820118000004,-12.008250000000011,-0.014336917562724039
2026-02-13,09:30,159713,稀土产业ETF,BUY,500,1.769,884.5,0.008845,0.49999999999994493,TEST,连续亏损2笔，下一笔只能测试仓,BUY_TEST,6945.311273000004,7829.811273000004,0.0,0.0
2026-02-16,09:30,159713,稀土产业ETF,SELL,500,1.797,898.5,0.008985,0.500000000000056,TEST,趋势破坏或跌破MA20,REDUCE,7843.8022880000035,7843.8022880000035,13.991015000000013,0.015828151498021414
2026-02-16,09:30,159819,人工智能ETF,BUY,500,1.912,956.0,0.00956,0.49999999999994493,TEST,连续亏损2笔，下一笔只能测试仓,BUY_TEST,6887.792728000004,7843.792728000004,0.0,0.0
2026-02-17,09:30,159819,人工智能ETF,SELL,500,1.915,957.5,0.009575,0.49999999999994493,TEST,趋势破坏或跌破MA20,REDUCE,7845.283153000004,7845.283153000004,1.490425000000057,0.001569037656903749
2026-02-18,09:30,515880,通信ETF,BUY,400,2.081,832.4,0.008324,0.39999999999995595,TEST,无主仓机会时保留测试仓参与,BUY_TEST,7012.874829000004,7845.274829000004,0.0,0.0
2026-02-19,09:30,515880,通信ETF,SELL,400,2.108,843.2,0.008432000000000002,0.39999999999995595,TEST,趋势破坏或跌破MA20,REDUCE,7856.066397000004,7856.066397000004,10.791568000000053,0.012974531475252293
2026-02-20,09:30,159819,人工智能ETF,BUY,500,1.854,927.0,0.00927,0.500000000000056,TEST,无主仓机会时保留测试仓参与,BUY_TEST,6929.057127000004,7856.057127000004,0.0,0.0
2026-02-23,09:30,159819,人工智能ETF,SELL,500,1.876,938.0,0.009380000000000001,0.500000000000056,TEST,趋势破坏或跌破MA20,REDUCE,7867.047747000004,7867.047747000004,10.990619999999899,0.011866235167205863
2026-02-24,09:30,516640,芯片龙头ETF,BUY,600,1.44,864.0,0.00864,0.0,TEST,无主仓机会时保留测试仓参与,BUY_TEST,7003.039107000004,7867.039107000004,0.0,0.0
2026-02-25,09:30,516640,芯片龙头ETF,SELL,600,1.439,863.4000000000001,0.008634000000000001,0.0,TEST,趋势破坏或跌破MA20,REDUCE,7866.430473000004,7866.430473000004,-0.608633999999934,-0.000694444444444331
2026-02-26,09:30,515880,通信ETF,BUY,400,2.1,840.0,0.008400000000000001,0.39999999999995595,TEST,无主仓机会时保留测试仓参与,BUY_TEST,7026.422073000004,7866.422073000004,0.0,0.0
2026-02-27,09:30,515880,通信ETF,SELL,400,2.104,841.6,0.008416000000000002,0.39999999999995595,TEST,趋势破坏或跌破MA20,REDUCE,7868.013657000004,7868.013657000004,1.5915840000000014,0.0019047619047618536
2026-03-02,09:30,515880,通信ETF,BUY,400,2.094,837.5999999999999,0.008376,0.39999999999995595,TEST,无主仓机会时保留测试仓参与,BUY_TEST,7030.405281000004,7868.005281000003,0.0,0.0
2026-03-03,09:30,515880,通信ETF,SELL,400,2.097,838.8,0.008388,0.39999999999995595,TEST,趋势破坏或跌破MA20,REDUCE,7869.196893000004,7869.196893000004,1.1916120000000454,0.0014326647564470996
2026-03-04,09:30,159819,人工智能ETF,BUY,500,1.933,966.5,0.009665,0.500000000000056,TEST,无主仓机会时保留测试仓参与,BUY_TEST,6902.687228000004,7869.187228000004,0.0,0.0
2026-03-05,09:30,159819,人工智能ETF,SELL,500,1.922,961.0,0.00961,0.500000000000056,TEST,趋势破坏或跌破MA20,REDUCE,7863.677618000004,7863.677618000004,-5.509610000000061,-0.005690636316606379
2026-03-06,09:30,159819,人工智能ETF,BUY,500,1.901,950.5,0.009505000000000001,0.500000000000056,TEST,无主仓机会时保留测试仓参与,BUY_TEST,6913.168113000004,7863.668113000004,0.0,0.0
2026-03-09,09:30,159819,人工智能ETF,SELL,500,1.881,940.5,0.009405,0.49999999999994493,TEST,趋势破坏或跌破MA20,REDUCE,7853.6587080000045,7853.6587080000045,-10.009405000000008,-0.010520778537611797
2026-03-10,09:30,515050,5G通信ETF,BUY,600,1.448,868.8,0.008688,0.0,TEST,连续亏损2笔，下一笔只能测试仓,BUY_TEST,6984.850020000004,7853.650020000005,0.0,0.0
2026-03-11,09:30,515050,5G通信ETF,SELL,600,1.435,861.0,0.008610000000000001,0.0,TEST,趋势破坏或跌破MA20,REDUCE,7845.8414100000045,7845.8414100000045,-7.80860999999994,-0.008977900552486151
2026-03-11,09:30,159732,消费电子ETF,BUY,500,1.782,891.0,0.008910000000000001,0.500000000000056,TEST,连续亏损2笔，下一笔只能测试仓,BUY_TEST,6954.832500000004,7845.832500000004,0.0,0.0
2026-03-12,09:30,159732,消费电子ETF,SELL,500,1.818,909.0,0.00909,0.49999999999994493,TEST,趋势破坏或跌破MA20,REDUCE,7863.8234100000045,7863.8234100000045,17.990910000000014,0.02020202020202011
2026-03-12,09:30,515050,5G通信ETF,BUY,700,1.402,981.4,0.009814,0.0,TEST,连续亏损3笔，暂停主仓,BUY_TEST,6882.413596000005,7863.8135960000045,0.0,0.0
2026-03-13,09:30,515050,5G通信ETF,SELL,700,1.378,964.5999999999999,0.009646,0.0,TEST,趋势破坏或跌破MA20,REDUCE,7847.003950000005,7847.003950000005,-16.809646000000015,-0.01711840228245365
2026-03-16,09:30,159732,消费电子ETF,BUY,500,1.812,906.0,0.00906,0.500000000000056,TEST,无主仓机会时保留测试仓参与,BUY_TEST,6940.9948900000045,7846.9948900000045,0.0,0.0
2026-03-17,09:30,159732,消费电子ETF,SELL,500,1.77,885.0,0.00885,0.49999999999994493,TEST,趋势破坏或跌破MA20,REDUCE,7825.986040000004,7825.986040000004,-21.008850000000017,-0.023178807947019875
2026-03-18,09:30,515880,通信ETF,BUY,400,2.077,830.8,0.008308,0.39999999999995595,TEST,连续亏损2笔，下一笔只能测试仓,BUY_TEST,6995.177732000005,7825.977732000005,0.0,0.0
2026-03-19,09:30,515880,通信ETF,SELL,400,2.057,822.8,0.008228000000000001,0.39999999999995595,TEST,趋势破坏或跌破MA20,REDUCE,7817.969504000004,7817.969504000004,-8.008228000000008,-0.009629272989889248
2026-03-19,09:30,159995,芯片ETF,BUY,900,1.05,945.0,0.00945,0.0,TEST,连续亏损2笔，下一笔只能测试仓,BUY_TEST,6872.960054000005,7817.960054000005,0.0,0.0
2026-03-20,09:30,159995,芯片ETF,SELL,900,1.046,941.4000000000001,0.009414000000000002,0.0,TEST,趋势破坏或跌破MA20,REDUCE,7814.350640000005,7814.350640000005,-3.6094140000000032,-0.003809523809523818
2026-03-20,09:30,159819,人工智能ETF,BUY,500,1.982,991.0,0.00991,0.49999999999994493,TEST,连续亏损3笔，暂停主仓,BUY_TEST,6823.340730000005,7814.340730000005,0.0,0.0
2026-03-24,09:30,159732,消费电子ETF,BUY,500,1.711,855.5,0.008555,0.500000000000056,TEST,连续亏损3笔，暂停主仓,BUY_TEST,5967.832175000005,7823.332175000005,0.0,0.0
2026-03-25,09:30,159732,消费电子ETF,SELL,500,1.671,835.5,0.008355000000000001,0.49999999999994493,TEST,趋势破坏或跌破MA20,REDUCE,6803.323820000005,7815.323820000005,-20.00835500000002,-0.02337814143775574
2026-03-26,09:30,159995,芯片ETF,BUY,900,1.044,939.6,0.009396000000000002,0.0,TEST,连续亏损3笔，暂停主仓,BUY_TEST,5863.714424000005,7814.314424000006,0.0,0.0
2026-04-02,09:30,159995,芯片ETF,SELL,900,1.013,911.6999999999999,0.009117,0.0,TEST,趋势破坏或跌破MA20,REDUCE,6775.405307000005,7790.905307000005,-27.909117000000126,-0.029693486590038454
2026-04-07,09:30,516150,稀土ETF,BUY,600,1.638,982.8,0.009828,0.0,TEST,连续亏损3笔，暂停主仓,BUY_TEST,5792.595479000005,7797.395479000005,0.0,0.0
2026-04-08,09:30,516150,稀土ETF,SELL,600,1.619,971.4,0.009714,0.0,TEST,趋势破坏或跌破MA20,REDUCE,6763.985765000005,7773.485765000005,-11.409713999999944,-0.011599511599511558
2026-04-09,09:30,159713,稀土产业ETF,BUY,500,1.839,919.5,0.009195,0.49999999999994493,TEST,连续亏损3笔，暂停主仓,BUY_TEST,5844.476570000005,7770.976570000005,0.0,0.0
2026-04-10,09:30,159819,人工智能ETF,SELL,500,1.984,992.0,0.00992,0.500000000000056,TEST,趋势破坏或跌破MA20,REDUCE,6836.466650000006,7755.466650000006,0.9900800000000008,0.0010090817356205317
2026-04-10,09:30,159713,稀土产业ETF,SELL,500,1.826,913.0,0.009130000000000001,0.49999999999994493,TEST,趋势破坏或跌破MA20,REDUCE,7749.457520000005,7749.457520000005,-6.50912999999995,-0.007069059271343048
2026-04-13,09:30,159995,芯片ETF,BUY,900,1.042,937.8000000000001,0.009378000000000001,0.0,TEST,无主仓机会时保留测试仓参与,BUY_TEST,6811.6481420000055,7749.448142000006,0.0,0.0
2026-04-14,09:30,159995,芯片ETF,SELL,900,1.029,926.0999999999999,0.009261,0.0,TEST,趋势破坏或跌破MA20,REDUCE,7737.738881000006,7737.738881000006,-11.70926100000011,-0.01247600767754331
2026-04-15,09:30,515050,5G通信ETF,BUY,700,1.372,960.4000000000001,0.009604000000000001,0.0,TEST,连续亏损2笔，下一笔只能测试仓,BUY_TEST,6777.329277000005,7737.729277000006,0.0,0.0
2026-04-16,09:30,515050,5G通信ETF,SELL,700,1.387,970.9,0.009709,0.0,TEST,趋势破坏或跌破MA20,REDUCE,7748.219568000005,7748.219568000005,10.490290999999932,0.010932944606413919
2026-04-16,09:30,159995,芯片ETF,BUY,900,1.02,918.0,0.00918,0.0,TEST,连续亏损2笔，下一笔只能测试仓,BUY_TEST,6830.210388000005,7748.210388000005,0.0,0.0
2026-04-17,09:30,159995,芯片ETF,SELL,900,1.014,912.6,0.009126,0.0,TEST,趋势破坏或跌破MA20,REDUCE,7742.8012620000045,7742.8012620000045,-5.409126000000005,-0.00588235294117645
2026-04-20,09:30,159819,人工智能ETF,BUY,1500,1.991,2986.5,0.029865000000000003,1.5000000000001679,MAIN,趋势追涨：趋势、放量、组内排名满足条件,BUY_STANDARD,4756.271397000004,7742.771397000004,0.0,0.0
2026-04-21,09:30,159819,人工智能ETF,SELL,1500,1.997,2995.5,0.029955000000000002,1.4999999999998348,MAIN,趋势破坏或跌破MA20,REDUCE,7751.741442000004,7751.741442000004,8.970045000000008,0.0030135610246107003
2026-04-22,09:30,159995,芯片ETF,BUY,900,1.023,920.6999999999999,0.009207,0.0,TEST,无主仓机会时保留测试仓参与,BUY_TEST,6831.032235000004,7751.732235000004,0.0,0.0
2026-04-23,09:30,159995,芯片ETF,SELL,900,1.022,919.8000000000001,0.009198000000000001,0.0,TEST,趋势破坏或跌破MA20,REDUCE,7750.823037000005,7750.823037000005,-0.9091979999999009,-0.0009775171065492527
2026-04-23,09:30,159819,人工智能ETF,BUY,1400,2.088,2923.2000000000003,0.029232000000000005,1.3999999999998458,MAIN,趋势追涨：趋势、放量、组内排名满足条件,BUY_STANDARD,4827.593805000004,7750.793805000005,0.0,0.0
2026-05-19,09:30,159713,稀土产业ETF,BUY,1600,1.816,2905.6,0.029056000000000002,1.600000000000179,MAIN,趋势追涨：趋势、放量、组内排名满足条件,BUY_STANDARD,1921.9647490000043,7990.164749000004,0.0,0.0
2026-05-22,09:30,159713,稀土产业ETF,SELL,1600,1.786,2857.6,0.028576,1.5999999999998238,MAIN,趋势破坏或跌破MA20,REDUCE,4779.536173000004,8000.936173000004,-48.028576000000044,-0.016519823788546217
2026-05-25,09:30,515880,通信ETF,BUY,400,2.032,812.8,0.008128,0.39999999999995595,TEST,连续亏损2笔，下一笔只能测试仓,BUY_TEST,3966.728045000004,8009.328045000004,0.0,0.0
2026-05-26,09:30,515880,通信ETF,SELL,400,2.0,800.0,0.008,0.39999999999995595,TEST,趋势破坏或跌破MA20,REDUCE,4766.720045000004,7974.120045000003,-12.80800000000001,-0.015748031496062964
